0.02,30,GDPWDU9XTO
0.20,93,97MH35LMIO
0.65,85,PQPWWL0O60
0.90,73,9F8B2OZ66F
0.26,95,MU1TNUQN8W
0.57,16,S3XEU39KB6
0.53,33,O4NF7THOT0
0.59,56,UWYI9R2Q12
0.37,11,ZZA7L4VOJJ
0.34,98,KZVDGBP6OF
0.71,79,J0TFDQUQQW
0.27,43,XASOZQUEX7
0.97,83,CW3815Y1H9
0.53,34,6OSV9ODT43
0.15,74,8CCPL5170R
0.90,47,H95HYTYXWL
0.59,9,LNF6X2DXXU
0.02,42,ULC9AB6Y0F
0.48,27,MORZ1BX16X
0.80,19,PU076WHJXQ
0.68,29,5YUDAL0XVP
0.98,68,QS12OUGJ26
0.72,92,Y750C2V2FE
0.21,58,XD5UCQ16CF
0.67,84,9MO3CIY44M
0.94,52,RZTQKSBNS4
0.78,36,UBYSX90HG6
0.43,62,GT7D9ZO4P9
0.40,35,4QH6UW1A96
0.29,75,I578ZCK3PS
0.09,89,U5U0ZNQZRP
0.04,45,3GA1XJBP5E
0.39,16,5CDNCREY5E
0.58,39,MGUL931PTS
0.77,45,VFQEDI91MY
0.15,78,C6V6M8BZ73
0.72,0,OTYHICXHHY
0.11,49,YB0XQ7F05J
0.92,44,VIOORXFJH2
0.83,34,ZJBXI63AHD
0.21,20,NOFZCL1O8M
0.07,42,EPOUNPECTZ
0.49,36,VUY92C82WQ
0.80,88,3I3M0Q7LCC
0.60,57,DY4ID8IN2U
0.66,25,HW2FB78UCX
0.56,59,DR1FP8NHW9
0.89,89,O2X6VE61VG
0.18,48,PP0Y8A8M0I
0.58,45,L3X5EDU9VH
0.73,33,I6CJKSZ162
0.89,90,3297Y5XLEO
0.72,59,IU7QBXFXEG
0.12,96,IJ2N4QQN28
0.13,70,S8JGG4T2UF
0.75,50,GW5ZU7UYLA
0.99,16,LPEP4C99ZV
0.78,28,S2NVXMMWIM
0.01,22,S499Y122BA
0.19,59,3HGGAYI3WZ
0.95,63,2GCKYX87Q9
0.27,44,9BUY5VJGKA
0.87,4,TVMHA3NZ0C
0.03,7,HQ8BIOEUOD
0.49,56,G2W4YSDZEE
0.21,21,AEMGZ2Q9VZ
0.38,72,9NIJ6MMXYM
0.66,47,2KPHF3KZU2
0.55,73,LODWBAVYE8
0.23,32,KO5KO9M52N
0.13,51,ABQ9GGVPKK
0.13,55,TQRCQN0TUV
0.36,71,8LDISPBOAS
0.96,7,T2TVSKN9GD
0.43,27,BNK6UMJ7K5
0.87,30,LNTRZBX2EB
0.05,73,TOV46Q7CQ7
0.44,98,ZS5A1T4U8Z
0.29,98,7B88CJOMAN
0.55,42,DTQZGN5299
0.20,26,EUK6KLGG2N
0.83,19,CBRMUZRVKD
0.26,92,EI7N0WJW5Z
0.45,49,DI8R108QE5
0.80,25,7C8F8KEYUO
0.03,80,6LJXZEZAYH
0.81,3,Y1R3MQQXTT
0.68,95,67BLSKT72R
0.68,73,AUTJKM77IP
0.28,74,Q5JUJD137W
0.04,45,U9ESE8ARY1
0.58,95,QZHMXECN5K
0.85,99,AN6PV21N4B
0.55,75,EYZ38KM2AG
0.30,13,898J8LMGMT
0.98,96,F4UA2BLW98
0.88,57,2ONE9N1XPR
0.28,28,V5C4Q4MOCJ
0.39,6,Z9YQHHLZYR
0.76,15,GQWO6JHLDQ
0.98,33,MKX35WSDFH
0.99,33,BH6VGJI61L
0.56,27,65DYMM1JPU
0.02,61,RTL01I1956
0.10,24,18WCQD7ON3
0.56,4,YFKI8NF9D3
0.38,82,WN9SRCQO2N
0.54,39,XN0VEK5ZON
0.08,15,HIZOZYLMNC
0.00,78,SW2938C4VH
0.81,36,88K4IWTWV1
0.85,11,U255KFTFRC
0.87,78,VJBBRAXY25
0.20,72,SYIV3UDZSI
0.52,74,YN2DCLOA4X
0.43,18,7X1ICTZCW2
0.89,18,E5LB5U69J1
0.35,55,629P9UDSGB
0.99,92,6J52WYUXK8
0.26,22,7G5KXXCY7I
0.82,40,C9D6L9NB58
0.67,8,SGX51PSSO4
0.72,50,4IYYXG5O2K
0.30,73,1CCYESPRL4
0.31,7,UROBP6HBPB
0.27,23,P3AQAX6KY4
0.80,18,2Q89KNFEDW
0.44,19,94LQJ00MW5
0.20,13,1VHFHI1ORP
0.60,37,A6YRN8TAO6
0.48,6,60WIIKQQ1R
0.72,8,9UN116HK0P
0.68,1,0TD2UILG0M
0.83,61,KUYD7Y9XKY
0.26,90,N7HHFTP266
0.62,28,19APUDOX14
0.25,32,F8KBDWWKGU
0.32,65,WNDWZ60LZQ
0.88,4,WWIT3HQH3P
0.82,12,FV1A80VHS4
0.27,53,LJ4MD6YQPN
0.11,71,80UTTV1Y54
0.43,95,DT2ERNN6FD
0.10,49,GOH2A3BH2T
0.96,72,0MZEZUVBX8
0.80,24,QGGS8I611G
0.70,38,6GDHHQW58O
0.73,71,HFOLPH1MDU
0.38,79,4CRI39D9HH
0.53,45,DUZKXIZ2LL
0.18,2,E4B3ISKDGD
0.06,93,IPZPXJWGCE
0.10,8,OP63GR3XTE
0.49,31,CKKBEB869V
0.81,3,UH8C57KGCD
0.54,95,0ABWNFBXZG
0.25,64,62B8O6RWGW
0.67,34,FNZ94WTYXQ
0.81,25,19CD0T0M07
0.25,67,Y15IU6DQT6
0.25,30,6ZN6XXSFJQ
0.56,91,EYQ5KQT6AB
0.68,30,Z5VKXVK1RC
0.27,78,NIECL0VUF2
0.09,16,JBWPG7J3RI
0.05,54,AI3APLZ777
0.71,56,EROYEO0R81
0.21,3,NE30GZR9MS
0.08,13,U0FRW152C3
0.58,89,IF8WU2K3PC
0.77,59,64BY4FCLH0
0.97,50,X2MCPK8F7Z
0.29,48,HNYJ7AW0Z8
0.78,94,CLAO1EMGSR
0.40,38,LA4XSX9M5Z
0.50,64,9U0WFI11W5
0.29,9,96EHAYICSV
0.76,33,D05IHUFPL0
0.04,50,QYMDA2I1MS
0.63,54,42L4PH0FR9
0.30,69,6K7AMG35DC
0.20,0,S2V6OU0B0U
0.10,75,PSAS7WGVJS
0.63,56,JOU4ESIJ2D
0.20,43,QHBSPSLNQA
0.33,6,68UZ1PW2K2
0.30,13,FJDXC3BJ1S
0.45,52,6UJZH6VERG
0.80,7,LO1CU4OXTP
0.68,19,4FDWBB3SHA
0.07,32,TZV0Q10J6Y
0.75,72,9IFDHUS2TB
0.55,93,7CAXS6WX8W
0.07,48,1XL20RLE0B
0.89,1,VESS55XUIF
0.77,92,50FKZECCFS
0.89,89,GR01K8ZGLM
0.06,98,L1U1OM0STL
0.16,44,IZ07LK1N30
0.27,58,3Z6WY3W05M
0.20,6,U0JFWHMQF6
0.85,18,4XL5MN83JO
0.30,79,PND4BEYX42
0.50,16,28SEPQNT20
0.76,69,ZPPNPVRDP1
0.42,77,4A86MSBDDY
0.94,48,NNE216ORYB
0.58,30,1LDA21BOWI
0.50,49,CIHAUI2FXA
0.41,99,TJCYUFEURG
0.34,46,NDCICDMSPI
0.13,76,NY3IUKMOCK
0.76,61,MORQAAPZPW
0.39,7,V1NDHL8EIZ
0.98,70,SG9HZ5U6CD
0.89,3,FBEMRCZYSB
0.68,20,7U0FNOQQ24
0.26,17,QW24ALTL58
0.32,80,Y5Y3MSYT23
0.02,76,XIIDRVMZRX
0.50,23,OBOYHSZ507
0.61,77,49BAFQFABH
0.41,94,X4LJOGKNB5
0.05,83,QZ6LMTB4HX
0.83,27,RBIMSFE7K3
0.47,29,D4YG2UEAWR
0.64,62,ZBS1LQY5KB
0.15,12,BJQZGZ7R6O
0.24,79,M08GR5CQTY
0.62,16,8MUD775PAK
0.11,78,59CUTB49DI
0.50,32,8AGL5IJZJO
0.17,87,QRII7NPK4C
0.99,64,CNQ3TEBM8N
0.28,9,JY34TDU9G2
0.90,56,ZRN9MA6SCV
0.23,90,993ZHZ19GR
0.44,50,IAC1O7FRY4
0.81,24,NHO9GANCO7
0.23,86,ZTWK3AWJ1Q
0.17,4,2HYCP3AGL0
0.80,19,ZZVFKOFCDC
0.86,75,8ZL1VOSV0M
0.26,75,82ORVW1WNK
0.88,51,EBU7BNA3LU
0.64,68,P4DDAUG9XB
0.29,68,6P1TH24N8S
0.02,99,SJXEKQZO9A
0.59,22,2DWXGEXM54
0.85,88,5KYUF7HRBZ
0.07,59,TV3U1L9T56
0.49,74,6YO3AE6YI5
0.25,32,3HEDSR0Y0I
0.64,69,H3CH0UBK8S
0.26,0,BBB0M2SYXO
0.08,46,W6KRIVL14S
0.87,68,NUT7I1RDYI
0.17,81,SNOT9P932Y
0.17,43,T4R1IDF9AI
0.89,30,3QO1L7YYDG
0.43,43,OMY3CT5YKC
0.98,23,099BKYT087
0.56,10,OLWU94UJRX
0.61,44,3RRS0K6PI8
0.05,42,WO3N6CJMV6
0.94,65,JWYNNJSC1M
0.24,67,MFBNIX4NHV
0.40,11,DJ168X8F1C
0.09,45,AP56UAF7IH
0.68,44,W3JFQXIZK6
0.12,96,RT5TR8TXIV
0.24,58,7PTYWZ8PS1
0.42,91,0JNLVVJY1X
0.65,65,525QCK1Q29
0.28,30,565A1G2DHG
0.70,89,M4S7TH8LQB
0.20,9,976UCI80R2
0.62,68,URH9DPAE9E
0.65,66,OUOWOK0411
0.44,90,8TD87JZAP3
0.11,47,VETIKOUS5G
0.85,28,WUZ0NQYCH8
0.48,38,HJVTPGEK2M
0.35,40,PBDHK18OF0
0.76,94,9AWZUGCVGF
0.38,37,U5VSGABYC9
0.33,43,18OL4LRHJY
0.73,37,6RG4XK8T0N
0.42,30,H0HRZMHSI4
0.27,99,93EEOWZ2FL
0.97,87,8VMUXT5WNC
0.45,91,WFVGN983WM
0.41,36,WS5IUS2VR0
0.98,28,GJZXWCL4ME
0.55,53,RCFEW4XZEH
0.24,8,3WOAONTV60
0.16,49,0XYXZWIU8H
0.93,61,6M0KMENVS2
0.76,20,0IAJ723E2S
0.54,95,GQHKK4BQQE
0.42,20,EZZHZONZQE
0.87,40,XFLMM14ZLB
0.00,80,APHBN8AFF1
0.46,70,N6EIMOOT7L
0.65,41,C76BY18UP1
0.27,65,OSFYBQNIN2
0.74,17,FOQGU2VLFN
0.59,27,AUCG71UPJC
0.42,85,YQ6S74JS3A
0.37,5,3RBG2XLJGG
0.02,36,N9EK66WU6E
0.34,64,AA4OO2HQ2O
0.18,36,BHAY7SE1UA
0.54,3,O81BCD40W7
0.08,26,7MF37Y25Z4
0.66,27,0ZMUTC5DXV
0.55,79,UMFOG8T272
0.26,32,467SQ3CGT7
0.02,11,8B6V4ALP8J
0.18,15,XDURA6T9ID
0.53,15,2S3INYC86U
0.78,58,71MQQBJ4J1
0.57,34,K7XJ2UO6BX
0.23,89,5GLU2JPGJB
0.62,93,IE549SWRHV
0.19,28,9IUX338BG5
0.41,75,A2ZT4OOSLP
0.34,20,IX6WIADNR2
0.29,92,GFYU4AA8HT
0.28,56,J2H7MGMRUY
0.48,29,PI85JE8GDG
0.19,52,EHXR3O0PI1
0.67,45,PVZYIDFNF6
0.09,79,QO7S8IHMJ6
0.77,86,NKELXLF35H
0.75,6,UIGLRBQS0P
0.08,63,C6DGPTOBKK
0.34,19,NZL1BWXLE4
0.22,32,7EPWBG25JX
0.45,71,QE66852ONO
0.66,70,0O4BV6R1OX
0.89,33,J8KMCS48MC
0.25,88,TBW9SF6P1X
0.73,21,NBPO7LIPBO
0.69,38,RSAEOVL44A
0.87,80,NDDSDE0AOV
0.23,48,1CRW9ATUTS
0.66,58,DQCOO8WTZJ
0.64,57,BTO4XUN8YD
0.59,72,Z40CVO7I2B
0.76,1,42J8MIAD78
0.04,39,D1B62RVHYJ
0.83,90,5AAP5EPZCU
0.99,96,KGVHR2N963
0.25,31,HLZLS3CNOF
0.18,67,WMGNTV2T83
0.96,18,EIBRHYT5ZK
0.94,19,DMYGN6COW4
0.09,58,CJCNQHDWB9
0.21,50,003055S2ND
0.75,16,SNULLBWI09
0.40,76,YFEK0GDNU7
0.38,99,HU0VU964H0
0.53,84,Q1EWJ6EJFW
0.88,69,XR68OCRNXC
0.23,39,83236520OV
0.16,39,CB1J96LRIU
0.62,68,HHWL8O7UHF
0.71,23,FP6ESEVIMK
0.74,30,MYSH9YW8CQ
0.66,67,KAX288XVXS
0.59,42,GMOTNC5LKL
0.91,33,2D5XKPL8Q0
0.44,38,OQTHRSQLMS
0.47,73,WK3FJ4IXT4
0.66,64,D0I62DM6SF
0.31,46,VM8JA5BYXQ
0.91,87,YCOBLPPZK1
0.09,99,S3ZMSPBN79
0.81,45,HCAQTXB08T
0.59,38,Q1THJMIMXM
0.98,89,TU84POTGUR
0.03,61,BDFINUHYJY
0.58,86,LIA9RW8R25
0.01,26,IU8QHIKE9R
0.60,44,KS4CLV6BTR
0.08,21,1IPLABJUJ6
0.93,1,EA8KZGJC0H
0.62,98,M9A2DLH91A
0.47,0,LNB08ZDTTN
0.75,56,KL0ISBSLTL
0.82,82,8229T9NR1N
0.80,97,S2GPXELOAI
0.89,20,CHU2OTFW4D
0.60,37,S08X8WCB2G
0.91,20,Q3NHJLEIT3
0.21,43,K35HQ5SWHO
0.20,64,M04ZLM4H9N
0.77,2,ZK2T10LSZ6
0.77,72,L7DGLJF3BU
0.85,34,UTXWM2QZ8Y
0.43,47,DW750ZO21B
0.38,63,QYCJMW21JU
0.06,31,RY087J8KLT
0.63,26,WOZ1ZDLW6G
0.07,28,ASAZ4CJBIC
0.37,32,UB6IVNPQZ5
0.94,35,GUP9W3MOMZ
0.60,3,HLUDIC6D7N
0.04,58,UC7WPNUK57
0.04,26,2G5VCJ6AIW
0.34,89,0FF9R2V8AL
0.27,82,S8GVACXS9K
0.86,65,0CHGQZXQMC
0.87,6,7VI8LNVU3S
0.35,73,3DWSR733AO
0.56,4,8WAMTAZ1MA
0.44,79,EUY9EJQD80
0.22,86,80RV1CFFTT
0.26,38,Q93HL9NPLA
0.24,50,TIOTPH3FKP
0.22,66,FSJKI6AYMT
0.92,22,0LA4T0GDAC
0.81,83,7QYE3URHQS
0.89,75,38EMDRATVZ
0.10,19,K2Y5AY9TQ0
0.11,86,U646YQINOZ
0.79,13,7L8JYEKW1J
0.12,51,4EFEHPBTGO
0.84,76,NYSC799CKL
0.26,51,O7JO7GH5KC
0.63,94,BDPBWJGDAL
0.77,78,KNFER75QGP
0.29,78,6WQ096YIGW
0.52,3,MSIO4R8JKD
0.89,23,TAXHN3EMUI
0.47,79,SUEZMY3NKQ
0.64,95,QRE1TN9ZE5
0.56,0,KU9X2PPRH9
0.09,28,2ZY99N7ZRG
0.25,33,Z0TB5NZIHX
0.56,64,VU7G8DCWEE
0.21,73,WLLS8ZZ0ML
0.96,84,GX1EEV9LJ7
0.46,69,0PTNC6FAYZ
0.16,82,9WT62C938H
0.10,16,4VIWZ3702R
0.02,14,VDDVYLU473
0.88,9,7S5ZN85CN8
0.93,90,4M150XE2JP
0.16,26,4FJTIJ57MY
0.48,85,WZVNPGEH9M
0.61,51,XD98QST20H
0.73,95,BYNJPFTTUD
0.99,39,OMQ36MFH98
0.59,48,U996CV3WZY
0.20,34,SNN6H3N7CB
0.59,78,JNPPW2E8CG
0.84,62,27YLT7TZ0F
0.50,50,NJUX5POCPQ
0.65,11,4QWJ5S628C
0.52,96,6651YJJJC3
0.77,43,VRKG2N4C2N
0.22,19,434PNO33MW
0.05,8,CJ3EAG5LGZ
0.57,42,PK7CBJV0C8
0.74,87,B2ZUTYLO87
0.65,77,MOXQJ3WA0R
0.77,73,L7P15A13EW
0.42,8,3K826V64X9
0.69,34,S53NBKR3WR
0.30,67,GH748ZSF7V
0.45,77,PO83L8NG0X
0.39,42,JGB9OPHJS5
0.53,62,U6V5B5VQV5
0.24,76,G5NNC3D1TI
0.04,17,E7O9WML5XF
0.18,54,4ACTFJ3T41
0.30,68,Y40HWVCZAS
0.03,0,EOMIE84MOQ
0.82,10,93XV60B6BJ
0.45,98,KYQXGMFAFT
0.23,76,HI1ZTR0UNG
0.52,84,W5WZFGWE79
0.84,21,VYB0DZ53EL
0.49,33,0YSTCJFRL8
0.35,60,CN2OUOKDVY
0.29,99,HU4HKU1GQV
0.62,17,09Q0FF3FH4
0.80,52,FQ3UU6RJO4
0.25,39,057B4PKRAX
0.57,55,WD50VI5FLO
0.56,56,QMDGOSKJ5S
0.13,49,4NHOC4O8QA
0.14,50,ADD80Y48U7
0.32,44,QXBS9Z0UF8
0.54,22,G1CEEHJ8OQ
0.73,71,7M9XVOEWDM
0.17,27,EZ9LWDA2ZT
0.90,58,5MZQOAWF8F
0.97,83,AGR7B5GXG7
0.65,16,S59F7XSNKS
0.54,77,J7PZV7VIFU
0.28,18,5MRHPYGRHY
0.96,87,0DRBV8YJSO
0.58,54,JI2N0J2X74
0.84,45,UBY1KWV9OG
0.79,36,ZG5BEULR19
0.68,19,ZDVFURMNAW
0.50,20,76U2OXNPNE
0.38,4,VHEKNA13GK
0.58,7,D3V1FFQVPS
0.62,94,U6VFQIAFO0
0.31,77,MOQCVSWH63
0.49,3,Q4FDPWUB8B
0.71,98,XP4D21866W
0.10,16,9WWJDPNGJ4
0.57,89,DCWLB2K6XS
0.92,50,AU47YMD576
0.33,58,MHRBQ32N0M
0.73,7,PI3H2JDF4M
0.48,11,EG2HWARLX4
0.81,99,FEL4LHNVG1
0.11,6,HD4NBIQGCH
0.36,32,K4YHICZVS8
0.71,24,WWQRGGQ32Y
0.02,2,I0668UNDKY
0.28,68,RJKV5SHO4N
0.16,6,UPJJ6MESQZ
0.25,83,MHK4RTP9R0
0.36,48,MZMRG8WAML
0.58,45,N9BXJS992T
0.53,67,AXCJIXNHFJ
0.29,80,BXGECW8CSG
0.90,86,YRYQ7IMD1O
0.33,84,1DKFRJ96PO
0.17,83,52RECZ9XDV
0.01,44,P3392GLAYE
0.36,97,8Y1GXPR7YW
0.45,64,6K6FXR3038
0.83,11,FFL6VCOX6C
0.79,48,UA3K8DSKLJ
0.80,9,SJG8E52FVO
0.81,51,0RH0GNRRIZ
0.23,43,UOO8T94KUC
0.04,73,YK88ZGNYDY
0.86,15,1ZVNKIZELW
0.40,50,GXP52JPVJP
0.47,44,61BMQ214D5
0.64,67,Z3KYVZRGS6
0.13,50,NERQREVRXV
0.87,90,RYR2S956RD
0.12,78,FKNZLXDMZ3
0.86,69,PB9TFTB4WX
0.58,59,7SOEQANFZ0
0.81,12,T153SWMPAT
0.01,31,4TXSEVEBFO
0.19,29,X4N1591IET
0.01,18,7DQIQR9TTY
0.25,54,58IXXCX6Y9
0.50,84,VHAA6TR50I
0.92,60,T3XGK0RU2Z
0.58,57,5O38WUVJRY
0.04,86,B9XIWJIXSC
0.48,66,G1GM229CCG
0.74,21,PYBIEVJVUL
0.59,36,PFDT9SN0SW
0.03,91,VKLLMSNRJW
0.43,30,IDAP9OSVMB
0.18,23,JLPWIGQ3JF
0.06,49,UAECD7551Z
0.27,99,NVTIK5KQOL
0.08,26,IVFVKX3XFE
0.43,12,C2JGPEY0JI
0.50,80,S7YYIENF4A
0.20,77,H802JQNEIM
0.59,73,I22I5LPAYN
0.26,19,8HNNC271QU
0.10,25,JXBB3FXGAL
0.55,2,SC2WV5UJDL
0.98,98,M4J7KXSL0K
0.80,42,MJTJEI0JMB
0.94,34,A6JIGBVOJP
0.68,3,QLSCYF556I
0.90,68,SZMKH5QSHS
0.05,17,SZ97RKI6F6
0.83,31,53WDMR54HI
0.34,60,N8HOR3MYSJ
0.99,74,W0CCZU6M07
0.18,58,DYXVLLNUQP
0.00,36,HBZWQ7ALGX
0.13,17,F95XQCDFX4
0.79,60,C4RH9MZKXC
0.24,2,2CJ9GHCVH1
0.67,2,BJ47RPX478
0.38,63,3D3LX9U4RI
0.03,30,KJXSWV6MZ5
0.66,6,RAMSNYGY3I
0.95,20,PU3QY2E1JS
0.34,47,Y3MBDN30Q6
0.72,75,GOYR7A5OPJ
0.62,51,GIUF1K1U2I
0.69,43,QUTNQ8DSYU
0.19,47,TAXZEYEFR6
0.56,7,TY92TB0SLS
0.43,95,FZ89JUETJL
0.50,97,02U09P6A0M
0.88,66,OQDXWBR7X2
0.61,44,D8M2YYDM51
0.33,88,MYE3MVGCS7
0.73,32,UPY1SCXTR4
0.51,31,9OJ609JODC
0.11,84,SLKY2PEWOI
0.02,44,OUD9RYS94Y
0.08,30,ECUXXA5NZD
0.55,49,L81TGFSHXG
0.92,16,2NMCB5Y4IS
0.05,26,RMBBGGP29N
0.72,34,DK0ODDPNX5
0.60,15,W7STKSH7NU
0.37,70,2MT9TMCXZY
0.35,99,65RDETSMNK
0.26,99,FED7PFUCMQ
0.98,68,B9V95454LS
0.18,64,WTEI9E824K
0.66,2,7WE1AWQ2CK
0.99,46,MA2ZV7TOYA
0.60,12,295EG43XM9
0.58,99,8DUPHT7ICS
0.94,2,J5AQNQ0RJW
0.27,0,0CW1WNKY8H
0.64,50,VGH5QQAJ0Z
0.93,52,V0RK9VIY4E
0.54,35,QS0Q7EL7PF
0.79,37,1KMGHN3LMY
0.41,42,8229DV11AW
0.57,4,6JEFI5EF73
0.48,96,6OMOZ41QOK
0.77,25,UZQH30WUFK
0.81,81,Q949396Z1A
0.72,6,LAT1GMVKAU
0.19,71,UV4DT9JL3W
0.51,66,GZTUICGAC3
0.10,8,P0R24XEO3O
0.59,83,MSLN5HFR77
0.60,27,BTGLM7RNUC
0.10,76,JT0LZ5KFNL
0.94,39,UT0GN2H03B
0.18,11,OMZ73658GV
0.35,46,NG9CCBVWUB
0.39,91,02REC0NTBN
0.81,41,TNOTLNI8FS
0.34,3,3DOWVNH6DQ
0.64,86,B6GTPVD9HT
0.65,69,E1W4J2N8HX
0.64,83,2QB75GOG7R
0.41,3,VIVH438AE6
0.05,0,O3WH1VTIKQ
0.35,43,UAGT2F4R42
0.58,45,J4XGKAH8L5
0.68,15,AUENISF3QW
0.69,58,Q4W7L5F80J
0.93,78,Z1L000NK7S
0.65,20,LXIEBGOND8
0.18,54,JC15Y6HVT5
0.08,98,YFFM4YMBW1
0.92,74,FD0RFHMXYF
0.70,47,R5M6QLRYCQ
0.36,90,XMV1QT4QYB
0.03,45,JD85ORDTIX
0.68,22,F746Z640NI
0.38,37,LA7IDVJ6UD
0.74,81,HUDQZRX75M
0.83,88,TE745R3PPE
0.69,76,A0R6E7D6RJ
0.38,84,Q6I96Y16OP
0.98,10,GX8VKGALCX
0.60,95,MXBMJJS0BV
0.77,47,PT9VE5OZ23
0.56,35,5K8KF57NWE
0.10,82,PUIUCNO3AJ
0.44,18,3FVB3VWFNR
0.42,44,EANVDN1VCI
0.55,55,AV2O8C7VT7
0.45,49,KW7JVFRMTG
0.03,53,X46QOMJFUL
0.68,99,JNIKYE44BC
0.19,58,0J2YK13MN7
0.42,88,P4GEDPNPFB
0.95,3,ZVR36076AL
0.63,4,L358G9WY41
0.80,34,L1J5TB06UD
0.73,36,V003U2PD0A
0.06,29,4ZBRQTTEKZ
0.25,87,8JK7TGOBC4
0.09,64,P2O1H6TMGI
0.09,97,P9X6NSMMMR
0.57,27,2FFD60W2LN
0.90,37,ES5H02RONK
0.10,87,I9JU63JC9O
0.66,14,LPVH12RV07
0.65,30,C2RZ925TSZ
0.76,17,JDJBYO04SW
0.00,18,5ZS4TAR17D
0.70,16,F2CHG9CT3C
0.57,46,EO2AA1EIJG
0.21,93,WCMPL32RX9
0.60,12,TDOGERMDGZ
0.29,35,H4ITGL0ZPQ
0.52,79,8N03DVBDMQ
0.72,99,VSWEDSWX0U
0.96,17,C3HS48UEVZ
0.62,9,VGY1Q2V3WU
0.13,40,NGG25W2YYZ
0.07,20,R2UF7OOZ0J
0.36,76,E9LWP40ORO
0.92,10,1EO05GDDGM
0.32,63,KOWN2QBDVI
0.65,21,M47PXL3QCA
0.60,81,XJ44EK1XV6
0.14,98,9VQXH5FUXD
0.53,88,ZFT3T8119A
0.97,91,POLN4NBKCV
0.32,68,AI566J3H7L
0.28,74,ETL2LS8A4W
0.32,76,UAEHG2ZF6Y
0.71,28,11TWS5PM9P
0.87,46,CVKSCUH45R
0.62,4,CMPLQ4LFHR
0.17,62,DJ7Y6ZRH1I
0.67,17,XM361YPNGN
0.02,22,H1L20GS3G6
0.59,95,K0I8S4NN82
0.26,20,8MIG0C4MT5
0.14,57,EBZ7Z4OZDT
0.07,80,0SX908JL7X
0.32,68,52D8MY0VQU
0.88,17,XKDU45LASN
0.83,10,0LX3K4PDEU
0.72,95,E5YLMKGGTR
0.12,69,TJHNCZVSRT
0.47,17,TUBSEUBHFA
0.57,26,I6XI7VQVGV
0.67,73,DGQGS32VNQ
0.12,63,7M1KP10DA6
0.47,85,SAEHEAQUHM
0.86,37,VRZOLUJXCL
0.52,79,XAAE2V3F8G
0.03,21,U3V5XVGQLS
0.75,39,1QCHD8HWGG
0.61,69,9OHTMAISO5
0.97,61,C85N4CDWJD
0.12,4,S5R87LRO3Y
0.95,35,4GCN3J9EEN
0.72,80,0W0O4XN58O
0.28,80,OTTG08K7J9
0.07,4,VJF4DRCDM4
0.66,61,1LP67WDSAS
0.88,77,QZ0OH5V332
0.71,66,R6P56KL9TY
0.31,77,WW1U2E99H3
0.08,17,PWRMQ4W1LK
0.49,25,527Y9WTZM0
0.88,51,ZYJMKTE62C
0.52,28,WCS0675ZOT
0.62,24,NA6QQFN2OG
0.08,69,L0N63P99I4
0.31,51,3XYLQMD5AE
0.75,16,AYYYJLE9XQ
0.56,73,VPIGKSGD4P
0.83,56,KQ9HQ1RE6E
0.05,60,GQZT3N9OI2
0.67,55,ZTNCT420N8
0.17,26,K1R6JZUVS6
0.16,62,M96N5Q409G
0.64,74,3WPN6EY324
0.27,7,2XR9HN2ZAJ
0.35,70,0YHF81H9WZ
0.49,92,OQ4FLMWNG1
0.06,11,JWW4NLUNFP
0.88,17,8M9ECNLFYE
0.61,28,SMQSZ6SFZF
0.65,9,NO4D7NJD5S
0.86,64,7KJUBV1FVI
0.19,94,E8AKHMNIRU
0.97,54,MUV0GCBDDC
0.21,18,GH5AUCH5Z5
0.02,85,DG54ZBW4CA
0.30,97,ZXAA7OT3IG
0.89,63,0NNZ9K88GP
0.49,69,BL10MSLV2B
0.49,50,MO401Z6C86
0.82,98,8HUIDKP3QH
0.45,53,I6UW4G6EX5
0.89,54,5T8UUD9JC1
0.26,45,6V3GHUD2YO
0.60,80,IDTEIRS9NV
0.15,92,IFULP8W28J
0.39,41,E06XQNO6TN
0.95,49,UGD7O9GETB
0.08,87,9W9WOQNBYJ
0.56,18,TZLLKXJZF9
0.06,22,FXS04IAMXM
0.65,74,KKYT8DIFIM
0.41,67,947NCAMBXP
0.82,57,NBSG8TB3QA
0.77,35,4GT6TY7J8S
0.33,59,2YIUVKBH2I
0.43,60,X3UYGY8N7P
0.86,18,L7YK84YBCH
0.10,19,QVOZUS90XP
0.76,15,Z70KV8SFKP
0.09,32,HGERH5DOA4
0.94,0,Z52ZOV70MQ
0.85,24,PXRP340GNE
0.41,18,2TJ10P2V8W
0.23,65,WC5GFDVN71
0.19,19,Z31ARVH2U3
0.55,4,GTH6N3M2V6
0.12,30,M4TGZHUHVQ
0.86,22,OTCMCOJDRD
0.08,34,KWVTVN63GQ
0.90,79,A7KZVGOUHY
0.95,82,22JQSJF40I
0.36,32,0RAIVO9X2R
0.86,95,QSJ33SB3NI
0.80,11,58PGALUJVN
0.50,71,3JAR4I7A8V
0.09,96,DN06TZQJ30
0.59,50,WCW6H35LO5
0.27,35,BCGIY0EIL6
0.45,63,SZSN1WS71B
0.71,79,WEI0RPG9LK
0.63,46,OLSWBPDFX2
0.04,56,EJ53C27YDK
0.80,39,W0VSBEKOZT
0.20,94,5IIVYAL048
0.86,19,IHGMN9ZUZH
0.62,42,JQ82UICAST
0.85,56,ZDJZ33UKH9
0.24,17,C84ZX2X6YG
0.88,85,W1QUG9LBUJ
0.74,2,KGZ6D8WMKJ
0.01,61,PKDGF7ZCDN
0.05,51,EGSIBQ2UX4
0.31,96,W4PVF83TS9
0.96,18,KPJDBOH3P0
0.35,92,FCSIW21DP3
0.79,1,IKX9XRK8V8
0.69,53,ZDP6JWBXTS
0.94,7,7J8TZUCOJK
0.85,6,X03UB9QBJD
0.25,88,LRLZJMYG1C
0.46,91,A91EFHR4UD
0.14,5,ZPERJWRP85
0.87,73,BMZ8C4SPY5
0.24,95,QJG1YVGHWP
0.15,37,PQCRN9P32O
0.16,99,B80UT3P3LV
0.06,43,Q5LIXT2AU4
0.90,2,5MQT2WYUC3
0.81,5,47WTDIAC25
0.38,52,UI3W9MZQIC
0.77,65,R3UFGSUMEK
0.04,20,MLC1S8VNH4
0.40,30,S76JO6C0V1
0.00,7,YRH1789UFZ
0.22,19,03EHDDCH5R
0.40,28,PDC7JOF0HG
0.48,85,30J3UBQT4I
0.77,53,UPP0VYIVYE
0.25,29,H4B01FVTKQ
0.25,44,5CSL3BXQPL
0.61,83,ZTJX26BDZN
0.69,75,K8UZV9WAJQ
0.64,62,8Y3O7NSCKA
0.84,35,TSHLTTDA7V
0.00,90,640MIKB8T0
0.85,5,9SC05H0TAU
0.80,73,B2GTZWEAOG
0.37,93,9XLG6QL9V2
0.32,48,N0SWCEWDF3
0.16,28,ILRN7TGQ1H
0.54,13,ACADDQTVV6
0.28,83,DDES5ETBPW
0.73,64,E9QQ0QGO32
0.97,32,SA0FBSFRIG
0.29,2,B3Z5CO69PD
0.54,99,SNU17T1SVN
0.29,30,EUT38CTQ5R
0.99,51,ZS4Q52E8Y9
0.09,16,8ML7SUMWVZ
0.27,97,2KT8W0W5H1
0.94,45,ES6GQT221S
0.04,35,PDHUT7QFPP
0.51,11,ALESRGBHOZ
0.60,29,RIB3VRZV4H
0.98,0,CC1RTM53MJ
0.83,7,NNYAT1JOLF
0.78,24,OT8MOJN59B
0.09,9,MS3T8K1L8Y
0.17,4,H0WQH6GEE5
0.02,57,Y9KW3G80VI
0.53,79,MIRR48QI8T
0.34,86,W53MCWS5PY
0.66,66,JVO7R3HE4V
0.40,45,PWLR3Z7EZK
0.53,77,2NXU6TPF1B
0.22,2,YARCIRM5VR
0.98,94,O5FFDCK5Q1
0.75,24,F89XM8VSST
0.70,76,UIZZDJO66J
0.32,40,UG46JPT9Z2
0.57,5,WHTHKNV2RI
0.55,91,YNAGBWD357
0.89,19,5GT0LS9UEX
0.50,23,AKG3D2F3EL
0.91,20,456NEVQKCC
0.92,47,5Z3413QOGV
0.34,14,ZOAM4JDNFR
0.98,92,A5QHOI9IS2
0.17,19,IIQASH2UXT
0.49,17,7W7RWO2XIH
0.60,17,5RRELZ7LHK
0.22,25,GLX6IJHZEA
0.19,87,DMZPCDIZ8H
0.09,58,SI68T1F3L2
0.50,94,WM1ORCL0GQ
0.40,5,37BTWZEUUK
0.59,10,GM3VU84GNO
0.72,27,OWO0LWDWH5
0.81,46,Q80YACN043
0.69,92,CMI20A0NMN
0.69,67,56O3OG80LU
0.25,41,F5V33W6AG0
0.11,66,ZXIG60D99Z
0.65,52,5YGNV6XAX2
0.43,34,TRCN97ZMO3
0.45,78,BESV1B6JQB
0.00,77,WDS284OCUS
0.25,59,XGS79RLY0B
0.68,9,7PMVAOXI41
0.44,63,AKZ0OMUJV2
0.38,83,1OWZ0FSLMS
0.35,91,ZOAONTH6PJ
0.02,8,X38HW9WCTQ
0.49,99,ZS7ADCY71H
0.98,93,9P21E0DZD2
0.72,73,XLLP329SWM
0.67,56,2PVNQHE9XF
0.72,79,7GES4XAKPO
0.21,27,47NHPH8UX2
0.45,37,TAR4BI0H5S
0.66,77,B2S71QR2S3
0.73,34,TMOJV2U74S
0.15,52,J4HYTFRHFC
0.47,71,JNJIRMH085
0.46,24,DAUYNDM5QU
0.17,31,PN4DIS34CJ
0.59,59,04KB43G63X
0.17,81,MPDSP3DB45
0.52,35,YJEIIVKUK9
0.79,62,8U76HFI4FO
0.13,63,FL1PSAQ690
0.75,91,8GNKC2U9SF
0.20,41,VJL13QENY5
0.47,7,YWY6P4PIQB
0.04,18,XB93OLQW2Q
0.28,1,4J0XLSP645
0.97,14,X3QO1AGSUT
0.02,25,19EL3LIVWD
0.54,28,UEID0IAMCT
0.71,40,QEQWQMYOZD
0.31,89,UR4J7Z6OU2
0.14,58,02OGHH0GOA
0.52,34,FTPUOGYTO9
0.54,1,DWJ2EEED6S
0.48,46,OEXRW0POHK
0.05,24,BTUVIT61HB
0.77,93,O9TC78J71I
0.85,9,12FVR1EJWG
0.98,22,SLSADIQCOR
0.26,55,UXK1VXSTHW
0.11,50,KTZ2OMC4PU
0.60,97,PVNTX2B7HM
0.35,6,YTTTLDK977
0.32,81,ITPVJ1LV6D
0.25,97,P0AXB4NYAY
0.61,32,FSLAEIDM3X
0.16,66,1T6Z62EUG9
0.07,43,W3GFO8J03K
0.72,58,2IQ0YRPVWP
0.95,30,HTGP5Q6G7K
0.24,52,S30YWFFW8S
0.41,10,ODGFT8LQGH
0.54,30,WXPBZW52F9
0.24,53,54K75CRTW6
0.76,44,KEQWFZDC3Q
0.12,31,IMQRFMDML0
0.42,69,IROB609HHR
0.92,94,7NAN26K1SJ
0.87,73,97AKPFHK06
0.63,59,MTLCNKEAJU
0.57,80,RER48X6RYB
0.13,50,9HR0GQW2U4
0.26,43,2HNDS3TQND
0.42,86,TPWATCP1QD
0.04,54,XQOVVVQU6T
0.38,52,DTCMKXW672
0.05,4,738HT09CI7
0.59,37,PAN8U9JVCM
0.05,66,B1DIYM2QRU
0.05,57,L1YXDDBV8S
0.50,19,MHIVGKD766
0.47,16,E21QE6BU4Y
0.73,85,2YXMUCDK9U
0.90,84,V3GASR02A3
0.39,30,PLU9P8NLOE
0.98,92,Z8BV5ZWME8
0.37,32,XE8PLXUVLP
0.31,62,GSAW9X9TX9
0.31,73,G9DZXCFGGP
0.72,98,GRG74RLU2R
0.69,34,SWS2ZQZN1V
0.94,12,DRI8G5TYA7
0.36,5,7WH3R0LQA4
0.89,98,E4WXNJE6NG
0.71,24,N6AL7XMOG6
0.02,5,KIR8SEVMEL
0.53,40,QGMBA7KIX3
0.04,68,0XL9E8BV53
0.46,8,QDYDO2GUQD
0.65,57,AQ1W1ACKS0
0.02,48,CSH06N2QQU
0.47,14,9ZWPS1T51P
0.47,54,OT9L8IAFGI
0.15,36,QQ5SYVUOFT
0.24,27,G8IHNWJK1W
0.58,58,4YND773Y86
0.03,63,LT7YQH7E71
0.72,62,74E86AIPME
0.88,78,LJQF19X4YX
0.47,86,J05N1AWTQZ
0.74,62,ISUEK7QUU3
0.17,30,VFCXNY7PQ1
0.80,88,4I8EU4KUHF
0.39,99,D75S5UOLGX
0.23,6,4T6DH2TRHS
0.04,39,5THFFSQDHW
0.29,95,GH34IIS301
0.55,6,P11977H9B0
0.59,84,YN5KA52D03
0.83,44,OVVY2GH0IO
0.17,64,335KZCNZEB
0.96,82,TW9NAR9RO7
0.04,77,ZTPAPVYO9R
0.29,45,G54GHCBI70
0.34,38,OOGHDYHZH0
0.11,23,H86C626QP4
0.55,22,LG2LDQXOIN
0.09,88,S2WTB5QDE6
0.99,90,MEZ9XFTQO2
0.38,20,QNVCPGBUCA
0.89,44,3D86XZ61MO
0.62,69,XZMI1ZUYL6
0.85,23,O3ANFYW2OL
0.03,66,G9FU5NPMND
0.57,58,9VODW32NJV
0.15,24,OLU6WZHS9E
0.98,88,ZAWV02RESP
0.94,79,4YD5KBCRPV
0.88,46,01M71RTDUV
0.88,24,YBR01PKCAH
0.54,84,4DR0WQZBXT
0.62,22,2XVQX9COCH
0.66,43,B0F4Z9P6PX
0.94,31,1OD7JQC3YX
0.28,35,6I0IT7O0Y0
0.68,79,PRSVFIXA88
0.16,66,VUU3AUC2KO
0.11,64,OFYC11A8U4
0.73,52,MJJD5N39PW
0.67,60,Q8JKY6NCHV
0.97,40,KIX1YZ4A8W
0.44,49,4MRXXZTJ2G
0.20,71,XBQY496U5D
0.34,46,WPHMZ236EN
0.84,47,A5RWSAGFRT
0.73,25,6YLT4CLR7X
0.29,92,K7VMCXJU4U
0.91,8,1RSDY7M74T
0.00,36,JUBYL0MTC6
0.73,7,JF9ZJVYO1Y
0.28,72,Y7H5NAPAMJ
0.84,4,MPXRT4HS8J
0.42,91,N1IO9VJERB
0.85,23,N7KCTYFI2L
0.49,71,7CUWB4K2YG
0.82,89,I16IQVF6TK
0.75,67,TE1R5S2EFE
0.99,97,4AKR9YRTYE
0.61,29,WADL43261M
0.82,98,RG0P1X9VAM
0.43,32,0UU2STUTA1
0.05,78,7P554636PI
0.91,44,3KR47GIJI7
0.42,22,N2UIPI6L6J
0.02,49,B59HIZS4OW
0.19,41,ILYFU9Z9OJ
0.21,46,JZHDHW5M8Q
0.10,30,8PRMR4X9FR
0.17,92,2MDX8ZM5RX
0.03,34,5VSSOPVETU
0.64,7,2WB8KHNVKY
0.80,39,P7YHPV3BXU
0.27,28,J4G9PNCN2H
0.28,50,I9O9FYR3PN
0.74,7,I168SQHID7
0.49,32,KO5HL00M4N
0.36,57,UCO4373SU8
0.50,54,U7OKDTRA84
0.10,6,CPWDSCB470
0.80,18,KTWZ8UV5JE
0.90,95,UZ4R8RXNBI
0.57,22,9OVIGYUAB8
0.94,2,YF7U797L5I
0.67,40,ZJRRW8OZSU
0.24,36,G2Y7QBOC2Y
0.56,33,489LEFFI07
0.89,83,AXQD3WYDEM
0.70,8,76EG26LOI1
0.36,74,XC4ZEKKHB3
0.15,89,K2CRSXNYDD
0.61,84,QUU5009QZ0
0.82,48,1KRNCL078Q
0.30,0,PJE90YXBN4
0.26,95,Y53D6ZG6W6
0.20,20,PPX0EQ2EEN
0.12,76,TG17201F1B
0.97,42,0AWOL8AYPE
0.87,10,LDQRRNTDSI
0.93,87,MZGUF2N0RE
0.22,22,503XEJUZV3
0.88,69,EOWQLOE9H7
0.81,43,D9T57GRGR3
0.76,77,ZPJ8N4IN54
0.26,19,TD9OW1S3QV
0.56,12,0GT7K2DNGV
0.10,18,VTSTYSO6BB
0.48,99,NK3REKAW1U
0.07,45,EIR2X4A2Z0
0.15,97,GDZMXZGMRD
0.57,67,VG1R408YT4
0.74,93,7HNIOIO0KM
0.16,27,8M1OR9WJFR
0.49,0,JCKYZEQV26
0.64,41,0KUUGMIA9I
0.48,23,NA6M0Q775N
0.83,56,L9ZHYVCZBQ
0.66,87,2MPVXWOAE3
0.92,42,7473H6DA0L
0.24,93,QEA3E8GJ8W
0.64,51,RPAED4N04J
0.93,66,EOJX9AEAF5
0.33,25,USJKFW6W7A
0.21,4,UUMK3QWD6Z
0.49,35,T4EA4KRWIG
0.27,69,ZFDELCBOFW
0.41,54,IZW2XEAJ62
0.66,99,9Z0P16E777
0.15,72,7WZOQ7BFSP
0.50,56,8URXIQPCHC
0.67,97,JUB5O0K1W8
0.36,56,JDZ3AJ7HXD
0.93,76,YD3YZBVN8J
0.72,24,LH7NPZHXKL
0.01,83,68GW8MAFN2
0.47,27,5HG0UOWFCM
0.08,10,XA95CD3BEG
0.51,28,OENJAOXBRQ
0.62,71,W5LTYVBDNJ
0.92,94,DAGVSA0PGH
0.00,76,TTV70K7OKZ
0.14,14,AJY909ETTF
0.22,5,GCFWHWBKI1
0.15,42,P40EM976UM
0.56,14,AHZCQHL8XF
0.24,98,DBGVDA0CCB
0.25,89,K3DU3NMXKW
0.50,24,YCD81485AZ
0.36,98,4MU72NRTHX
0.58,66,TWYG5MP4XH
0.92,50,OP569WZPY0
0.03,50,RBWLRCG92C
0.59,57,JCSVSGSGL4
0.54,15,MJ6MQ3EHO6
0.33,27,3A6ZBW7L93
0.12,64,X3AKU743AY
0.01,13,9N4O0NLDHD
0.94,30,ZF4XXROU0G
0.72,74,55NJ3OP608
0.68,16,IWNSAAABZP
0.07,48,NI9XKFCWY3
0.62,93,J0Y8XDACRO
0.06,52,7MJYOITBYK
0.97,78,XWI0DXKOWD
0.47,44,HBUSJCU10A
0.06,3,KN2S4BHXCC
0.07,94,01R4T8N9X3
0.18,85,7H9L1TGRQK
0.61,62,QBQVX97N6X
0.26,91,OZOYPPQ0UT
0.28,49,JTMVLDRH2O
0.06,82,1VE1M3LDID
0.88,3,ACOFY6Y9IK
0.67,99,TH4IT22M8S
0.94,12,ZFMXGB0MMC
0.64,95,YN23LOU0IZ
0.18,61,4ZGZMJSDG4
0.24,18,DVCO9CJGHR
0.82,34,U02WPFRXSF
0.80,49,EOKHSELVQ5
0.60,58,31WOZRAW6F
0.04,56,1KMOIK1XMY
0.87,86,8XMFHWLHY7
0.44,30,QTJOB79IRV
0.67,99,UT19R02SSJ
0.81,10,MYMLKLC042
0.94,37,L7DYDZYQA6
0.54,82,UFD10ZQAQE
0.15,1,8OGUGX8GPU
0.91,30,NSUQRX43NS
0.24,38,W33DQXGLDZ
0.21,39,RK7IGWFVUK
0.86,39,EX5Z604PCH
0.62,57,UDA7GHBTD3
0.77,64,IMNDWTYO7V
0.06,24,QYFO2IX9YJ
0.96,90,RU2YGN29CV
0.59,6,N52XQKO4HT
0.86,7,4KV42BHMNI
0.46,20,F5P5GDMUSV
0.01,85,IAUX4Y6TAR
0.80,35,AH6GOYTJDU
0.56,87,7RRZBSLS8T
0.88,26,KBRDN0LXDG
0.98,40,03V25CDRTG
0.84,94,A92ZZAUGRZ
0.90,71,GT5PUDG093
0.75,12,B8G7OX4QVA
0.09,5,0A674SV45P
0.11,70,8PP572WS7G
0.54,74,PHLA6RT5VZ
0.14,2,CNNWBFR62W
0.71,8,JYDCL43PO8
0.08,71,KX5KGS05GB
0.28,74,PET4J4DPOT
0.66,41,NHD6ZPIDRY
0.78,43,2TDAMX0V0W
0.47,40,ON5PZG4Y1E
0.62,8,2B18HVHCVD
0.18,9,VE5E24LFJC
0.00,24,6HP6YSI9EV
0.98,51,JU80P7NM2C
0.00,93,NXXHM7TH3E
0.22,37,QUA21J0XVX
0.68,91,O689OOCIUV
0.59,74,TBG4HABJM3
0.70,47,Q2XTY9VMXH
0.57,65,KXRO0VUZ77
0.07,25,KK297JO3Z8
0.60,27,CTZZAGK9QK
0.03,45,J5VHUKQBKN
0.04,4,R89OVRHGK1
0.33,0,J0KCQEL8SN
0.48,15,7QM4XUK4E8
0.34,24,2N0NDMR6FV
0.12,19,MI31OXFC1C
0.49,29,YM8OF721J9
0.76,43,LSKO2CD6WH
0.52,97,Q13PPJDYA7
0.53,54,HJ8SG45EWK
0.55,11,5WMT283TE7
0.97,78,TZ12TJKDM4
0.73,23,T4EJ82RLZN
0.55,40,7HETFF13XV
0.66,12,7AX6TEJGQ2
0.06,7,A2CZO8XUNG
0.18,83,EZ1ZTISL8Z
0.16,56,ZQPQ1R6J5Q
0.46,93,LN186WRE8Y
0.71,20,GXO0ZSEVFX
0.65,59,KR95DXKL3Z
0.37,73,K5MIFRZTWV
0.07,89,ET60XDBCYB
0.14,34,UMT1JYNFJ9
0.46,70,U4H10A2ZWU
0.44,9,LFNVA4MZA1
0.89,33,O9Y8IN0YMO
0.30,2,ZEBU423S7B
0.93,60,DADRMU0YYA
0.95,14,7QWD8V6JCO
0.55,84,2BGV35B8YL
0.64,18,RPJUSDZ2T2
0.61,34,V1NL6KB3YJ
0.21,76,C5ZM96MLJV
0.52,12,ZS1DUMOTH3
0.85,34,EAFF2UB730
0.69,65,8TO9B9RNDQ
0.98,3,HX1HYLUOJ6
0.59,94,8PSGOHUYPF
0.40,73,IEWM4VNTKZ
0.49,72,TZ8OB6CAHQ
0.70,15,W8G7FCHQPL
0.56,42,87MSOG71C5
0.01,83,J7NA07FH1Q
0.00,17,Z3C31NHQN2
0.68,23,3C95B2S0CG
0.95,50,OGX0HWEUN4
0.82,97,F3KXYWQXDF
0.49,36,ABVRZRN21Z
0.49,38,H8DISYG47W
0.35,84,GTOWMHW34D
0.23,1,TCZKG8FK64
0.23,4,VJ5GT825S3
0.60,84,OM2K6YVFL8
0.71,81,I0UW007DQ2
0.51,53,M9RI9L102X
0.89,20,96GFV9GKON
0.78,49,1390XEJVZP
0.43,43,QFXEYUNWJI
0.15,85,VKJ6X62VV7
0.35,7,58MR7ZHLXO
0.47,71,YGZ1PDPEB7
0.90,83,SDQ86X6YNS
0.62,71,KE0ND9OM4A
0.29,87,Q44U8Y0GOL
0.45,3,L9URJ5IB4K
0.63,75,FANFB4Q6AO
0.82,1,JSL02XKZ58
0.31,92,M6T53XCH04
0.55,78,SILQWBFAVX
0.11,9,ZTL3UKMCTB
0.08,14,QLG4M3VQIC
0.60,38,4YCUE3XP6R
0.06,64,3W7VKJFE6L
0.93,25,9I01AZ4910
0.14,2,XT6FNHKLIN
0.92,36,4UXJWR8U1C
0.94,43,LQLXAOA2FB
0.59,90,JIMVIS4Z97
0.38,11,BKWS3DM1UV
0.47,2,FIQ8N26OM1
0.22,97,SKDBTK89QW
0.46,55,EHHAN8HBGU
0.61,78,MEBJQZPKKP
0.27,4,4417Y4F8BC
0.65,61,TV6YX7NUCN
0.85,2,VIP5ZP6CB9
0.11,83,C5C2G4O01X
0.83,23,T2FM18B65M
0.01,78,UOPXSGX4R1
0.09,21,7LI7ZH2DTV
0.86,14,TNY7L2M2N1
0.97,67,7VCZ0OEH2I
0.63,82,D9PNXYWHJG
0.87,0,D9715JBK47
0.05,41,QRVYNBTQ8T
0.06,95,QF7B95D4JQ
0.07,82,2X5IQ7VBA7
0.42,68,EYBUW2F3B6
0.93,17,DT665FTKZU
0.59,51,AN7O1STUN7
0.86,44,3DZ6F1P68B
0.84,18,949UYGAI0W
0.25,10,WNTMS1UCZJ
0.91,23,IDEA4WZ4F1
0.58,9,W8VLMN4XPD
0.66,31,MIESVAEUYH
0.63,25,JXC6QJVUQQ
0.99,15,X6W08Y5PGX
0.18,2,S656H4ZU6H
0.59,99,41E4XH8RBL
0.41,67,8N7YR1SI96
0.24,71,MKPRWEOY4U
0.86,26,TVNPCDRZZX
0.59,52,LU67QEY48A
0.19,49,M7JKYZ29ST
0.52,0,T5I77X9T60
0.78,68,J4GC9X5E4V
0.13,92,PDT62RZYX1
0.60,64,YBFEZKDJXI
0.43,36,6PCCNGCLH7
0.33,69,582X1NYCN8
0.14,81,94KLIV725D
0.01,3,NL7YK4MJNY
0.58,94,F43S4DBSP5
0.14,97,ZQ5LULLZXK
0.58,96,M1W7RDEUQG
0.68,94,WGEJ471GCU
0.00,50,1ZVF5OOCOZ
0.20,48,9VZLQJP26Q
0.84,23,GJSXVJE84Y
0.76,94,JNOE507ED1
0.25,82,CVDUEMZN37
0.17,96,41RAPF5AC3
0.69,30,WO68LYSIZE
0.88,78,OE3930DUCF
0.14,71,PIZ33N5FYT
0.67,6,X7NUOVT39T
0.89,28,CPLP3S5D7U
0.81,49,UPVD2ZWZI4
0.48,18,N6MK6Z7P3H
0.52,86,AIML5J55TZ
0.44,73,F1CM0C3REA
0.69,13,1CJ4QZ9C4L
0.65,29,AR9PZH7USA
0.44,58,NEKRXRAUBC
0.75,93,UWY71NTE7S
0.61,76,YSLV4RPS1A
0.14,76,6TP9HA63ZX
0.99,74,43Z6E3A86E
0.67,85,AASYVB4X3J
0.95,70,OB17BE3F35
0.67,75,VCW7G16P9O
0.94,50,DKM6MVUSNI
0.31,86,NEXX9570QZ
0.84,13,ZEA6OOHW4I
0.63,31,U7G7LPZGDE
0.84,62,UB2FPWAVFA
0.41,53,HUJ057M9CG
0.67,50,I7B34C67ZD
0.93,92,F7GN5U8V4A
0.43,5,YNF5X80J2L
0.18,60,49TP0AKTY5
0.64,20,BVZMSYYZ5V
0.63,15,I8X34SIORW
0.75,0,QNH3HKCME1
0.91,73,VBQT3LL39Q
0.08,29,2YT8EG3XT9
0.39,40,RY8CCNX472
0.38,90,33WCHQFM5V
0.06,26,199F2J5WQL
0.95,65,B6MXOOGF3G
0.02,77,7Y047GQ0HS
0.13,33,VKWNFDWI83
0.19,76,ZJN7QCB7KS
0.81,53,ACMS24Z5AV
0.34,30,TXXEEA1TKQ
0.07,95,549EISUFC3
0.80,64,9GA3EZ7GDT
0.63,80,FKSGHQ7CV0
0.69,92,LBC3204F6S
0.48,32,JN5KB5IUNS
0.48,99,VF4UI2BN5I
0.86,47,9K6HSN21UB
0.65,87,8AKRRYQ0DH
0.63,12,1M74T8VG5Z
0.60,33,5UPXZ3M2K4
0.34,5,N11AVD7AGF
0.25,34,VLMKRNPTJW
0.00,39,PSSQKR49PV
0.84,15,9MCWWMJFVP
0.46,43,GOJH6L5RIG
0.90,69,J8CZ804WFJ
0.61,67,CN7THB5LF3
0.87,40,4TVHS133TI
0.41,15,T5CN65OEN3
0.18,23,LALGB7XF5M
0.95,59,9771XSIHW8
0.38,5,EUOVCZLLJP
0.79,60,VHIWO5POQ3
0.47,95,O3V3SHDZS1
0.34,40,6KQNM1Q9Q4
0.79,23,D3MOO6UC5G
0.59,86,CJ1ROLMPD8
0.47,63,YI4GU5ZJQV
0.03,13,A9WI9JKYUC
0.48,13,PO3EQ56UZB
0.11,50,Q5FRVJSNXB
0.40,91,JAYL79OKKS
0.51,86,TGRCTB8HOS
0.77,70,DWN9X97Z18
0.59,22,1VYFOA9MKS
0.29,71,P9RU9DKBSS
0.51,2,7YGP49W83D
0.04,12,FM27WECC0W
0.08,10,O121ZBZLSW
0.74,37,BQARJVHMK0
0.12,32,FA5YLUI3EG
0.93,91,GF5362KWWN
0.97,51,9A4ATTTGW3
0.03,50,ZU41XEIIFY
0.74,88,6M2J9FX1VF
0.33,12,TMH7K1HOOM
0.10,48,Q0NNPY0C5F
0.76,55,M84WBVQVI6
0.83,99,WJ0ZR7SC1L
0.23,32,929FD4FJO6
0.81,90,A8YLYRJ4GK
0.93,20,5W9WNO24U8
0.80,18,88OQSFM5EI
0.07,62,YS9AYBI9FB
0.84,66,XZEECSF48L
0.45,41,G9MRVQ7H9B
0.83,50,583YWRARCT
0.27,37,JY1DEP96XK
0.86,33,JYO6N0LQPJ
0.44,72,1M7O95ESKR
0.17,81,F7VDVAISSB
0.80,62,H1OZ9M5QO1
0.51,4,8GP3L66Y0E
0.46,1,T0D9N5XYUY
0.78,77,U1GI2LL7BW
0.37,56,57G283RHPM
0.83,17,TF7LQVU0KW
0.08,44,7W1MGBIV2G
0.35,68,UWIWH7CF14
0.77,92,MFNWVBRWXQ
0.83,86,EIAUPP0RY9
0.16,33,9CVXIZKKMA
0.59,2,A208IZY7Y1
0.14,43,7FEIS1WF5I
0.17,42,0BU4PG77GA
0.73,73,H2ZTYYDX5M
0.48,85,G9CLH87512
0.11,31,VSN71O0AQX
0.59,13,UELKAJ1Z6P
0.44,4,RXMZNDHX6Q
0.12,55,H718EQ7Y7B
0.21,26,CEOLKHGTN2
0.89,78,U1JNLXBKAE
0.22,69,HCX4KK4Q9H
0.26,3,5PBWG7L6RM
0.90,61,IYTIA0FOWQ
0.78,15,PK9MIYBYXX
0.38,1,MXE0SFMSRW
0.04,33,OO0ZLY1TBV
0.45,98,4V9PPYXRHC
0.66,1,HWZ77ER183
0.02,33,WS5F5JQCCF
0.29,50,NWMQHBTW4L
0.68,46,42PS22UDOG
0.53,3,8T0GEMBD1R
0.71,64,J9U9OO3A2J
0.52,97,7ZFTA3CBFM
0.81,10,5NDKSXJ4M3
0.23,87,2GOX8K83EJ
0.93,42,1UHOGZAYSC
0.85,59,S51UNG12EX
0.90,3,2Y61GB41M7
0.36,64,4XEZFOL44P
0.19,22,8M2WOM8QAZ
0.93,46,I3MP7YYA0X
0.25,11,VWLE2HAPCG
0.87,81,V7LA5ZSBQ0
0.92,43,MHJB560C4I
0.29,17,DCLEGR5VCX
0.62,86,2D2AWZ2AXP
0.72,80,W9AWSZPCWX
0.66,34,M6LKSR5VN7
0.37,79,4J2U47WD2K
0.65,51,33FSI6POVU
0.80,46,BLK3ZXTPCC
0.27,88,CRI41HC4PR
0.69,14,ENT4TE6F2K
0.01,53,5W5GFFBVCU
0.54,1,K97J929M7U
0.90,45,8SUJLYMRPY
0.68,28,XND2GXL9E9
0.65,80,K53QQV7D38
0.64,95,OBB7BA00MV
0.09,80,04U6YV39SJ
0.77,73,DNE5YQBLF5
0.16,20,B5M98WFYTJ
0.67,99,8ANBXHZ5U4
0.54,94,J29EOGGK4V
0.99,13,RV7OME2FBF
0.44,12,SO2269AQZN
0.68,77,V440H3EWGE
0.22,10,25QLIDV791
0.26,86,SC0T5YVIO2
0.07,49,M8EGH3EJ0X
0.40,55,0G80LQKXVO
0.96,48,YR7QZWPLZ7
0.68,89,96BCMXAW7R
0.34,72,4Y5L1PUGKZ
0.98,70,BF3GUF1O6L
0.31,50,Z3FA29JBW1
0.37,15,9VBYD0KFTQ
0.37,31,0F61MS3GY8
0.20,92,4WHA9DIQFC
0.76,80,ZC6Q4KT1H6
0.78,41,SGHDOC6TQ7
0.73,76,LCM32X5IJH
0.73,17,XVIHLZ5PYO
0.45,92,BVZ126XW2B
0.85,4,IC99W9X6YN
0.19,95,A59DJADW9G
0.30,69,N4TTB0SLQP
0.91,93,0R249V5UAI
0.08,32,0OH4ZOAB36
0.56,61,5LPIU9TWN7
0.96,3,B393JN0V0P
0.95,80,H24R3IHQ9X
0.20,88,6GL3O0HVUT
0.38,62,V7KWP4HQTR
0.05,58,IXO25W3LTE
0.45,83,RY6T2XWUZ1
0.66,38,LQMRHZNNNC
0.74,31,5PIXX7J4EJ
0.57,37,NASBCXF4CW
0.71,6,10VJXWJ1G2
0.19,15,3SBHRNEQ0K
0.67,71,63TOWLTNQK
0.06,66,7UQ3PY31F4
0.00,23,0ZUXZYGKE2
0.36,46,F3LUY3D7U4
0.95,28,GVMPNO25JW
0.26,75,XVF9WOW7HP
0.73,86,YROYJHHFWC
0.01,83,537IGS2JAH
0.36,63,BPTC8D74FI
0.59,65,TO6F3HCAGI
0.02,56,EFRFABN0TQ
0.19,3,46LZBZ8CJI
0.60,53,OC73ENNTE2
0.91,43,0ACDPLEWCH
0.12,75,HG94PCS259
0.77,1,J99PF8EDK1
0.78,89,12XLXUNCOP
0.31,6,WXWS1DFO6K
0.16,4,F37LKZ2KQH
0.17,14,MOON7OQI8E
0.60,18,J7E8XM3TLX
0.85,63,873G26UAUA
0.90,73,8UIFZJ840E
0.91,99,2FOXSEVV5W
0.66,27,T7KV03GVLL
0.92,59,G3M99N43TX
0.29,54,MGNQLQLCI9
0.13,90,0H5P2WUWD7
0.61,4,B6RCVWJSSW
0.18,83,YZ2UL5CG37
0.41,73,XL8L241WBT
0.88,26,JHYISCQM8L
0.58,3,ISAHTJ8QFJ
0.98,26,SVGMDAI2ZF
0.61,74,F14FGK3P07
0.07,92,82C0ZZ5ZLK
0.42,73,XRTU499JF2
0.34,13,5GA3TU4QMZ
0.03,61,JTED4LF5O6
0.42,8,YQV3LK5GLD
0.58,69,KAR6GLY2A2
0.43,4,WQZCQZ342Z
0.26,46,VPOQTWC4T4
0.64,93,ZTE66SCFYY
0.88,81,GZ24W1U0UC
0.96,84,ECO10RMI1P
0.68,30,LMRQRG4HYH
0.51,97,U1EP974J03
0.92,94,SKTCEHWZQP
0.65,89,77VHJ6LU4C
0.21,96,WJNIGBU184
0.49,14,X5B24SY147
0.21,27,6P7ZAYNBGF
0.80,44,60UOHYHVMA
0.63,31,KYM42VR8ZT
0.41,21,7L0YZ0F7ZV
0.34,84,IR8EHYDAV6
0.16,17,ZV7D6MVTD5
0.76,60,35XWW7YOUF
0.12,99,5HESZ50RHP
0.47,22,M84GARFKV2
0.79,79,I4W80XMP7P
0.76,74,Z8MKMGF436
0.75,5,TPGLTVFQO3
0.53,83,A88Y84BEIY
0.81,55,8U5IVY3E8K
0.26,24,XYA27P2FQT
0.68,89,F4AFCDTLHK
0.31,35,2A6SZNKPAH
0.06,35,FWJ5VQ0OGJ
0.98,79,E5I87YTFIN
0.50,15,QA116X80RB
0.73,33,AMJGVQ8273
0.87,60,RS3QLWI2OX
0.18,35,HKW1PG6337
0.69,1,Y14W3QNLFW
0.48,6,FCPUPO2Y60
0.62,51,GD4ZHIVN5U
0.15,99,BCL2BJ8OKM
0.00,10,UNHR71CRL3
0.81,61,T9UGHV364P
0.77,60,NEHO5NMTMM
0.24,81,FAMYFDCWE5
0.63,59,15VBM2XE6V
0.63,91,DZD3LGU6E9
0.21,40,6S0LSO3JN2
0.04,28,WY0X4TAI6W
0.15,50,EHZ5VJMDHS
0.71,31,GKCXH93LKJ
0.68,68,ZYEQGXHA35
0.28,92,SZ3BGA3P6R
0.43,40,3YBURR03D2
0.96,19,8QJ9ZJX0X3
0.85,4,IJXO329JPM
0.50,36,X0E2DASYJN
0.23,0,QFB633G72R
0.23,73,12TYRNYOF0
0.57,58,2OY9SFH5JP
0.06,17,3AV8LDELWA
0.18,49,9ZAF11YAVA
0.22,51,K3VZG0YI15
0.98,39,A3C6WWKL1A
0.51,76,ZHVO2JL7QA
0.77,11,BA1KGEZWSK
0.74,7,5KX715EKSX
0.14,19,JPQ4RMQ6F3
0.89,51,5HSSSM70DG
0.47,56,5T4VGYM951
0.20,17,4IR7ML47SM
0.14,40,OZ9TWTDPKF
0.46,14,TU3L7EN7YC
0.52,26,0H4RMYZCYY
0.69,72,HJ5ACGPHT1
0.46,9,WJUBP83P7H
0.03,19,LH7BELO4FR
0.34,84,6OYQALZX73
0.20,64,C7WWXZE263
0.82,20,IAEQSLVC8D
0.04,48,28R22VK1BV
0.13,95,ILTD7LEZHO
0.64,17,JIPQUCU19V
0.37,11,B35R4TK1R3
0.67,86,1IFYHL2J9P
0.66,9,BEAJJ2LRGX
0.78,16,9FM17J1RYM
0.44,42,YV3858IFVA
0.41,99,M4IY8ZE9WV
0.94,58,WV0I25BBN8
0.79,0,PZK4I8A158
0.56,25,N5UEQ8Y9RK
0.30,60,KU4EQGQSB0
0.36,26,H6PLJFSN2E
0.45,65,W27Z76A2OF
0.99,67,ACQRVT51KQ
0.18,79,7PW0JK2G4I
0.44,75,XK92V71XNM
0.52,19,I60ATOKBV8
0.16,14,OEYO0KVX74
0.03,11,0NNEQHE009
0.61,14,LIJBV2MQGN
0.54,56,HFD6G6T445
0.36,28,ICLB16TVP3
0.15,19,SKVTQFWZK3
0.04,68,1UZ08W4B72
0.50,0,OEGHFIMW8J
0.04,30,MJ6DIWBYXS
0.08,71,67QAKCHA98
0.14,40,CGXP3RCY14
0.65,75,M3A6TBDSB4
0.22,91,J00626C7HO
0.23,40,EXOB1ZNZNB
0.68,44,9KD09QHNV0
0.55,17,XESCOW1NLM
0.35,91,U3SZ3WUK2I
0.85,24,D9VEH5CB9D
0.89,74,JODVY6H3G6
0.99,59,MBCMQIVVSK
0.05,81,KRYWBB0LQ4
0.19,3,WCXDGIMXR5
0.94,8,9DCRLVFTQR
0.49,3,VOIPWB89FU
0.40,27,K39L4GDF0A
0.74,30,ZV2C2NX1LP
0.34,71,PZ72FTGI4F
0.64,30,ANKZ7Q5ON2
0.53,30,8I0C7RVVSV
0.05,49,7R8WSKQDAA
0.02,60,NGRZESYMVN
0.41,38,WJ8PAMH9PN
0.68,23,RH85NXHLBE
0.62,47,NU39YVYK46
0.02,27,T8BYBPUW2H
0.34,16,OQOUMJWB9D
0.31,31,CYNPQ25H7P
0.13,92,FLENWEWK1C
0.62,16,4HVDQHOO6M
0.08,40,ZDFAGP9JUX
0.25,51,KH88URXKG2
0.75,86,50HWVICYWM
0.52,88,E2K7LAAMUK
0.14,21,H723KP61QY
0.48,26,GVVOC9RTQC
0.57,86,HQ0BNSLHVN
0.17,94,3Y9Q8EQKKZ
0.60,3,J55SWZMPP3
0.07,45,94VIGPYZG6
0.51,29,H9TR7UKF4C
0.35,49,I0L3N0OE3W
0.67,44,YROYFQ8SPB
0.20,25,926P6ZKBCB
0.55,81,42NYLQ7D61
0.62,74,ZCNC1LKM6I
0.17,87,VKB8T6BJSA
0.73,94,KXJVMF7RHZ
0.19,47,2YOVJOETXA
0.75,41,1ETZPV1CUL
0.24,93,A1M1Z9HAA9
0.65,0,OWQ7FNWXD0
0.86,40,0XXHKBZYPG
0.52,65,GI1E0IQ752
0.70,53,F1E4R6NSRA
0.82,37,GJLAHV325E
0.26,86,K1EYDCAIHY
0.31,16,Y4OLMD10TP
0.42,96,79UEOAI1J5
0.97,74,FDAWJLGSFN
0.45,1,NUK4Q087W6
0.17,64,1L47FH3F72
0.24,90,VUHMNW0YIP
0.20,12,J4JMG9WW4K
0.42,20,OQP6LOWL7R
0.82,9,HWTMZDLZT1
0.86,33,RCUBVLS4JD
0.50,27,Q796JUY0BV
0.04,6,7NX5WURXIF
0.53,15,7CQLWSRXCI
0.70,18,4D52MZYP3P
0.36,83,BAWR56WFOI
0.30,35,HVHTTTTBAA
0.28,87,JB93HOTY54
0.24,4,OE2R2T6C74
0.02,38,5X5B0I0CTG
0.81,52,NUFSSJX2TG
0.59,94,4ZQSSO7I5H
0.49,92,ER91ODKANR
0.77,1,LFLO38ENR4
0.37,55,NAWMJFGJKD
0.17,17,SB9EP3MUVO
0.36,58,NZIBBT77PM
0.03,45,8ZLVRPFUQC
0.79,33,UCRC8MCOFD
0.38,68,GUZR1YKBID
0.78,12,7NKUV7HKQE
0.69,64,77XO3HASML
0.84,63,Z0R7W40FVZ
0.73,55,TUPZZZNOXT
0.24,73,OBFUIUTDPS
0.58,99,BJY2SFMM68
0.00,78,9ZB69ONJ2L
0.81,8,0H9672NJUI
0.32,55,LVN5RIPZD5
0.13,18,TE0AUXNVKV
0.13,62,5MX2UEQEI3
0.66,61,9WL7GSP7BX
0.35,82,Q9H5GT47UR
0.68,0,TWDZXA0PVB
0.45,41,Y500WUVCXA
0.01,32,JBV50AED18
0.15,54,PR4ROLPRGK
0.07,37,50G13HUOWV
0.54,85,91MV0J2M9O
0.04,59,QI8YV4WAZW
0.44,90,39OJ7UKXMY
0.16,38,CCQWYRW7YQ
0.17,35,LXYZIU5P15
0.06,55,UODWF9NYRL
0.12,77,5H7CQ5OBKL
0.23,68,MJXA6MV0C9
0.55,90,H9RC0VER5L
0.92,39,Y4F5URBVZX
0.71,85,XO592M539B
0.68,43,SJSB45NU5U
0.74,64,MWKD0E8LRY
0.25,36,S326JPXA2V
0.30,8,SPV57QTLL0
0.16,6,NAL36WBIM3
0.80,90,Z9MO49MTDQ
0.89,1,H3YIZX7XGW
0.56,95,1KLDPPU8KO
0.38,96,9C0W7BLXND
0.99,94,FT3NZLIG33
0.86,74,9PDOSLJEDL
0.97,51,HO8P3K6APX
0.78,65,4EUQOMHZLG
0.04,34,UPJBDICNYM
0.11,20,QKFPQA0MH0
0.28,12,SAAFG5PIW3
0.35,22,NGO5SD8E3G
0.15,52,WG3SCO02CQ
0.05,70,GB9Y3YXYHS
0.26,69,FNADZO5NY5
0.65,99,9ZCQ8IU5YU
0.18,83,ZHPPVVVG2K
0.49,46,4RH5A0552G
0.35,30,YFSH4K13W9
0.68,59,T6MBCNUS5M
0.59,59,PF2IMZWSYU
0.45,26,EPK7P0MX18
0.61,82,4YGX5NSN2Q
0.03,31,WV3WVSRKOE
0.11,17,FRGV33RV5B
0.54,76,DZTI7PFEP6
0.60,38,ZF309WSEIP
0.58,15,Y0BLS8U4SW
0.42,5,55BC7X30Z6
0.31,25,M5DCCDE65F
0.48,54,YU0LB1Z8AA
0.55,79,1EOYNDMIF3
0.21,44,56I0FOTNQ3
0.93,69,A6IGT68DSF
0.24,42,NIO91V48BN
0.88,14,DI19JVZZYD
0.85,37,V589GKNS99
0.53,36,GG12PCFT9U
0.45,6,NIBVZNAEFA
0.40,93,RZUL2XW9OV
0.60,83,VBZPI5TKY9
0.93,19,WFJIKZFD87
0.99,19,USA0XHQLVG
0.97,21,S4U4Y0XQHQ
0.00,28,2GYAGUJJEX
0.85,45,S3NK737COO
0.56,48,AHSYP2857S
0.03,76,1DKFD1V2DX
0.85,28,DZAUUM0BNO
0.41,68,LIN8OSFX69
0.49,54,6DG8RNXV42
0.91,18,N74KKTX1KV
0.15,69,AAIMMHKR9C
0.69,52,HJQ5OGX0O3
0.22,96,5NY8B24MC6
0.29,5,3VVJXAJOSP
0.40,77,ILIV1F6QSX
0.75,81,AJ8NU6KB5O
0.50,4,PE835HONIE
0.61,36,0YTDZCTFH8
0.80,37,NTDJAPUOAE
0.31,85,VOP8XQ4S7H
0.50,57,HQ3OD39FNB
0.95,26,2IROOLLV4T
0.15,74,MJRF9KCVJV
0.58,4,NXFZ2WJ1IU
0.76,77,BL7BT4SLHI
0.11,50,0WOWMVV7WH
0.52,71,KSLCDNRWQ2
0.26,78,67D25JDXWE
0.93,46,F9K1N33ZDR
0.15,37,MFRMU6NQO7
0.25,90,LAMDFOY1L3
0.34,99,A5OS2UKG4Y
0.22,69,7R9SRID0Q1
0.92,88,3TM7TKB9LV
0.69,57,50ZIKNZOSS
0.63,93,7Q7J5FGFEC
0.99,26,ZQN6ZNWP2M
0.32,77,958LE19M6G
0.86,17,YBHTQ9ETGL
0.92,91,5LGF56VFY7
0.50,91,NQ7OFVG66V
0.97,5,2KA8XYDL4Y
0.12,18,EB55VXW6BK
0.71,6,8PH7LRWKVK
0.11,46,E4M6OXVJAV
0.03,14,WOG7HPPMRM
0.52,62,71C2KMSNV4
0.18,22,WJS671R8QB
0.35,20,1AHM6WSNDR
0.50,29,U7MP5WY0GU
0.34,28,D7S2PL5VV2
0.72,3,9GCGV8DP19
0.26,70,J50X4MPPOX
0.21,79,OSKYX323W6
0.18,7,TG335QFWKY
0.88,9,PULUU2KBAK
0.76,88,AEMCYQ3SGP
0.78,65,2SXS5VJYF0
0.95,35,B10OYQUQU6
0.38,98,FA3QIFM2GH
0.38,77,39QX1SNRPQ
0.02,96,AXLBHROLI5
0.39,26,I3JXNMR2O4
0.47,19,7WMXGJVJFJ
0.61,33,N0VBCYOQ75
0.69,24,K5O6Z8DH3T
0.64,16,Z05Q257V2E
0.70,83,T1QTDOCMQS
0.06,61,MLH3Y46EE3
0.39,18,IH9X9AMHE1
0.77,20,2D60IDX18A
0.32,1,H6I7GG0WG1
0.79,52,VPGI0KNQAZ
0.03,40,49LJM88A4V
0.61,40,44BTICGV1T
0.15,99,2HSPVVHOMA
0.00,81,QV0IXENKKU
0.61,7,YFRUR9YP8P
0.53,81,XEYYXG636J
0.42,24,4RAZU8S7BD
0.74,53,XXJHXP76VV
0.09,49,UHWFLF6IS3
0.26,62,J0P5FZ4SHH
0.92,9,DX5KDRPW8Y
0.10,24,D93ZV1VZIW
0.09,13,AQISYRJ12C
0.13,67,DKO1GAH32O
0.68,97,0YK7QCF7GB
0.33,96,E62FJLF0D5
0.35,81,FLZFOCU962
0.02,64,5UXDUJOZGU
0.45,80,HXTCNZVELP
0.55,6,KZ6CEQLISQ
0.70,16,Z2RXQGHLD5
0.87,52,V99FIEJ37D
0.32,82,5QFR9EP2FS
0.38,13,09XHD63TX1
0.11,53,Y7SIM9THAV
0.33,74,UV37S2ZXXP
0.23,57,A9XJNU3HXC
0.61,67,8W5OQP4SML
0.20,81,AJAMRIX7A1
0.17,96,V382JLOV69
0.00,34,8DS2TNNEN4
0.48,70,7KM2I1XGKD
0.21,44,A8J6LJ9Z4A
0.73,47,SKNC8RU4CU
0.19,42,S7U5HOBGGT
0.39,45,MJ6FSECF99
0.59,14,NUDEK3YY0W
0.41,91,D2930XU9OS
0.67,53,1ISJB8UWAW
0.63,43,KDNCFJXO9T
0.40,88,IKBVYLQO3B
0.51,56,ZM6SAEJB9J
0.52,43,FB0JVU6WPW
0.10,39,KA4QC8FZIW
0.50,60,3U06NTAP5Q
0.78,42,TQCQJ8N7B5
0.97,58,OMHWWT18ML
0.62,87,3LCUKIG7JV
0.48,73,RAWTZGEVIF
0.21,24,YHCBZS1RXZ
0.38,83,6R9MW2MGZD
0.12,27,242TSGEWE9
0.73,47,K32IGJRLZ7
0.07,54,U2AFSLE55X
0.14,8,V3ENU7CQ1D
0.68,80,VCPWEHZUD2
0.77,46,5BUJQ0SUGV
0.66,48,D583EXSXVH
0.99,55,4DGRNJLUCF
0.45,42,A4J7H5IIFC
0.68,44,L8645VUIT4
0.61,54,FGR8X2PIMZ
0.31,87,A3GFWKNITI
0.45,7,7YSAHYR59W
0.66,90,ZSD88A0803
0.20,10,BBB0WMWUXZ
0.81,84,ABXKEZX7QS
0.29,89,ZE2UN30432
0.11,83,D5ZOZNG72V
0.81,56,8E65XUYE5J
0.08,54,5EWJYRUK19
0.67,39,D5FC3G2AVE
0.44,37,9ZN9LJUMG2
0.56,0,8WDFHQ5ML1
0.69,82,7NEYMI2MAI
0.63,32,1QM4TO2RU0
0.10,62,3WY4VUDSGH
0.65,9,0GWCEQKT4Y
0.14,13,O526YO0L8Y
0.99,62,Q28UL1190U
0.89,37,6XG48NKYS3
0.58,25,H861F18LSS
0.74,95,SGG7O1AB49
0.11,65,AJA8EYJT22
0.30,26,1STWQUP1RN
0.45,11,MZHCES90YS
0.74,7,IKHGJS5N3M
0.34,4,0LDPEJ2Y16
0.10,30,AGDH4QWH9G
0.92,10,RBRZ9U92X4
0.92,94,89ZPYM2KSL
0.58,18,56Q72UMV6Q
0.24,14,DGMX9IRZ4N
0.64,32,ZG6WF0A8MY
0.35,32,8DKW6MWM9V
0.31,71,Z3M45R55CR
0.32,68,9FU8CGCXEZ
0.74,80,155QQJZN3V
0.47,48,Y7VKGMYXD9
0.37,68,UIQKTVUH5Y
0.43,12,PMEADLQG6A
0.24,44,7U6B150OF0
0.73,18,3Y88FRDQ4J
0.09,66,QE2VFW9SBA
0.00,47,IV7YP8WT3M
0.07,53,0GC613ZI30
0.23,48,GXJ3MQ3XKP
0.44,82,3HNNV5N699
0.25,11,DHWFSU21GE
0.44,47,TJV7IU0OS7
0.84,0,S8W9NPJG6M
0.33,16,GZXV6UEU8D
0.08,44,29N4FQ1QDW
0.55,62,NP60J91C7H
0.91,33,9IOW152HKI
0.59,16,WFNTFUV9PW
0.33,66,1OXEN8SAQT
0.88,95,94B7STCM8Z
0.98,52,GE6JAKK0FB
0.47,95,MH30I4ZXT0
0.14,88,MM375QHPY0
0.89,74,FXO4CZCN8V
0.64,49,9QEF93M8R3
0.29,91,2DI6PIDNJW
0.66,15,K8G2DXIFZH
0.54,70,CHNVOH6IN9
0.60,8,M9PVDP739J
0.92,64,NW0BT4TC93
0.22,93,O9YFEHGGNM
0.84,15,Z6ORR1AO3H
0.74,42,II048YMK97
0.29,12,YDQCL2OEW9
0.43,76,FPXC8N08JY
0.27,16,1IW49V8XC0
0.95,31,HO52A8YA03
0.06,48,G2ZASNFLF1
0.91,8,SKWGT8P9LX
0.92,55,513S3E2OJG
0.56,76,8LYOJ77JNZ
0.17,85,M2292YKFJP
0.69,64,HSQRZGIXMW
0.42,85,1D90HSU0FK
0.64,71,RAIJYGJNPJ
0.88,70,JF4Z7RFX6X
0.17,38,8MI5L7LPO5
0.68,99,ZISOS0ARNR
0.75,90,6F2NT6T399
0.86,35,G22TIY93RV
0.98,46,GTLTY0675O
0.15,72,U9QDGWVYZA
0.08,96,3OOKCMEUDT
0.91,64,RGKH6W527Y
0.48,88,ATQZ5WDZWC
0.19,23,JE91DZXR13
0.28,46,TD6SQCCHPZ
0.87,82,4JDNX5MHBA
0.04,25,C0L47AEIMQ
0.60,51,14NBGAFU51
0.43,42,IO88WDNZCT
0.77,7,ZAHAZ8I9JL
0.49,88,8DFQRWYOKG
0.66,81,XMBRFMFHUL
0.17,55,CITZNGBR8W
0.50,78,GKHKVWSY67
0.36,21,3W96WWGCO0
0.28,7,WTYTGL4PDP
0.59,12,BNN9TC4E1M
0.39,39,5E1QWD0XR2
0.99,36,ZVJFVTHV3E
0.86,89,877HKGJ1C6
0.94,75,1PX4348NXW
0.13,85,ZOSBO8YBQU
0.01,52,NYSP5771DB
0.95,45,L0GI1V4UQP
0.18,69,2KLBEPGKW2
0.21,26,RMAVPG8C1P
0.52,63,P9YUBEC3CD
0.53,84,OZCN8S9M16
0.79,24,9RPZCUMN1V
0.59,99,XJBQMCJUOY
0.09,96,XR98BH2CM9
0.42,47,LN4U5FRYDR
0.53,76,GD7DXM8KXF
0.69,23,VTJTUCPV9R
0.88,58,1M5MJ9VYVH
0.33,29,HDYP942N8Z
0.03,58,8AEJ8FH7Y8
0.68,48,79WLBH5T7K
0.92,40,09LSYDE1CI
0.26,99,ENRNLU9NKW
0.38,34,1U2FN0B4X9
0.82,45,ZEQBMYLQ7I
0.12,45,ICDWOEV787
0.14,19,UFYC8B7464
0.80,50,3J8ATIYLNH
0.87,39,DN9O1EIY1F
0.70,88,WX4S0G1KD4
0.38,94,TK0W2AALAL
0.04,70,KUY66MSOKG
0.32,68,B3Y8HYPY0E
0.33,30,6MSUKLBJM8
0.65,89,L7CF5K7WAP
0.73,90,BQRWAHGTCL
0.94,49,0YHM1CX3OX
0.15,36,IDR18B7HPK
0.10,72,6DQL7Y8DSA
0.24,41,HGT1AEO6IA
0.99,48,80J0RHAOOE
0.57,39,FY977ML3NW
0.14,71,1PGGLTXTAJ
0.41,86,48FBYGAPH4
0.04,7,Z9SWRTR91E
0.48,62,0THFTAGCZU
0.52,31,3KZHVRA9O6
0.15,31,ZM8ATVHBXA
0.11,42,ZBAHDDIPRG
0.87,69,R8A1W7OP45
0.90,31,LHL0FQ52QU
0.47,19,TUML4QFS8K
0.11,76,NOW6LF8480
0.24,76,EP0DGKJ2CS
0.29,10,FODHWCI6L9
0.81,30,6STQ59CCRW
0.85,10,ZTH6QPD24D
0.03,3,1VLSGGUHPY
0.91,98,RZZZJAUQTM
0.08,81,OJ4BIBBK7Y
0.05,91,C3OAR5B11X
0.92,65,NQXTQY2R20
0.97,94,A2DOWTFIR9
0.69,50,CBZKX4LHBE
0.03,77,QJO1W7K2XT
0.78,72,SX0OO1J92F
0.39,64,Q6CQWBW9PT
0.13,53,8TXW1KQDWP
0.27,63,XJASI02HKG
0.62,18,L9K8KEPY2V
0.61,28,ROYZLR4PO2
0.31,50,MT7Z34GB0E
0.80,50,SMDBYOKBBU
0.20,98,71HFP0L7JM
0.12,89,TRBEZY2LEC
0.61,71,SMF8ZA5X2D
0.21,17,5JIAJXR8R7
0.87,93,GEKAYO628X
0.23,72,D9M6MTRLPO
0.14,21,EFTW9A12Z0
0.37,98,VKB2U6XFT6
0.16,10,NLQ2HUBF2M
0.40,5,U0YK8FKIOT
0.78,8,JPEL1Q2UK8
0.76,37,5QKOMDDDOX
0.76,37,IUV835WPAS
0.53,66,D4771U7EQ8
0.71,53,8TMT864R9J
0.18,32,PQNGA06NEL
0.67,41,5Y1Q8GH1EU
0.53,10,QSJ2Y001IG
0.99,42,RMR7ZY5E73
0.16,39,PXLJMHNX40
0.97,54,31O04MVX3V
0.12,78,SOQR4O96K6
0.84,67,RM7OY5UYZF
0.95,25,87MQA9IHBM
0.45,12,WB4FOLMIBC
0.05,21,LEA86YTHUZ
0.95,32,NEDVAHHKFZ
0.49,31,793ETN85OI
0.47,10,KE69HEEFYJ
0.27,9,5YRB8OV9SR
0.71,54,FRSAW3I724
0.79,55,IS8X4IY5SF
0.17,43,4B7S7S5YYH
0.82,53,W3VF39TKVT
0.47,27,MGKI9N2OMQ
0.70,14,5I8IHJC9XJ
0.85,40,WSRN4H0757
0.37,91,CIOCH0ZEZW
0.42,43,FE6XYHNUUI
0.79,54,53608KY9GV
0.86,54,UR1Q12EBR7
0.04,59,4N7LA0QVFW
0.62,27,QVT4ENOPNN
0.08,63,G7UYF40UJC
0.19,64,H9CHUC44TB
0.32,70,C6NOJ0P9XW
0.27,44,YZ8AY14A3C
0.95,27,QGL7X0XZEL
0.01,78,S5FYMGL39M
0.81,2,5XPZ015IWK
0.21,34,ZXZZ6ZZ409
0.80,28,H5HI22IZRO
0.88,45,771K9SFJRR
0.64,7,WSO97247CU
0.15,98,Y9Z83ZCCWD
0.94,85,9TU4EC1DWB
0.48,1,XRUQB38CTS
0.35,86,9UORNVZMCD
0.50,43,CVXS2EGC74
0.25,28,TAHD755O57
0.92,33,2ADZU11SJL
0.40,72,F7VIXYCWJ8
0.68,4,EMD5M7YF7R
0.78,59,C9Z58JDXLV
0.91,29,99YI43POPN
0.31,68,NKSZN5653J
0.46,49,KUALMDQJ4N
0.05,81,Y8UUJPMEA9
0.13,61,NFRR7I8Z7W
0.82,14,UUKOTCYYPN
0.36,2,1894ZXYH5K
0.47,70,3ZK0XVLY0U
0.37,21,6CD7SZLCV4
0.90,56,3E13XEREGI
0.00,97,JV8785JRM8
0.61,47,INFM55MH0Q
0.90,35,A3UUJBVN7X
0.19,55,ANNIXKYXZB
0.65,23,MQS30ZMSZI
0.59,20,YUD4LVAN0J
0.55,94,LS2B3UIYEN
0.78,36,BYFQUM27O9
0.21,32,X6ILVZ2XW9
0.36,71,HTGVR15H0L
0.92,69,ME16JPRGRO
0.31,18,3S3X6NMS36
0.19,24,GUSR3LF7ZQ
0.64,10,IIA81AGY68
0.91,34,117N8E4W4T
0.18,21,FC3LRTO4YR
0.23,56,9TLBBQ6DYD
0.74,45,W3LI2FW2UL
0.41,54,NXFNIQVL4E
0.56,67,8AYOHBSFAU
0.39,28,U49R68WLUF
0.41,23,4WRKV5ANWT
0.04,28,54RC85CHB5
0.63,12,RHM0IB676B
0.50,87,KD7ZW26K9Z
0.24,37,COTCEISUDQ
0.54,69,SS0G64RQ37
0.83,71,EZ09PN8XI1
0.26,4,LALNR8QCXD
0.54,22,72MESE1TNE
0.38,85,7C1YWMCSX4
0.77,74,K1K8YH69M6
0.53,83,FXRANLVKUT
0.08,2,2ZL3I89HJF
0.31,47,IAO8OKONHA
0.94,90,TNLHETT0KY
0.66,94,WTJCUCCL8A
0.91,92,OIJUWWMQ2A
0.99,48,FXBI8KPO23
0.27,69,OFIVA2OL51
0.02,43,11OIJA2EU8
0.27,30,4IUM0YQDCE
0.12,32,R4RZ96CWCC
0.31,0,94CQN7IQB4
0.78,0,5OU0NR7NS5
0.13,6,7VNDQPT6HT
0.15,13,YFZE3FSJ2R
0.56,95,3NVLNOMME4
0.90,30,T76FJJ9KR2
0.19,23,GO2MYU0479
0.47,53,VEKTXTZCO1
0.48,5,X1EGRESJ7T
0.72,11,CYYD5A07R3
0.52,61,0PJQJUBU2A
0.58,90,6RLYOS8IDH
0.46,29,3FKCX5P2YP
0.40,27,P2NNMART3U
0.51,26,TF7R8BDNLV
0.87,85,AU0NF3VJM7
0.60,37,R4GVPIDJU0
0.75,21,UP4UWSW1IF
0.36,82,HWCB78MDWW
0.22,94,WFVW52BZGC
0.81,34,X9FN6O6IFI
0.94,19,XU3G3VGB85
0.88,64,27ALZWEZYH
0.21,98,3HXC70TSSU
0.83,7,UL79KO85V5
0.44,74,YZLZME2P8P
0.78,50,2E7QAEINLY
0.46,14,ONGFRVOCYN
0.05,14,679W0BAWHN
0.31,91,DDS1GTFNQU
0.01,43,7LMTTHFNQ1
0.61,26,ZM2KJASGWI
0.58,37,5YDHET7HH8
0.69,45,MG7QGDVOOW
0.60,50,EPXA771HMK
0.89,45,BVQIR9OE78
0.06,53,XD4L29G2EI
0.62,55,LM8L7JL2DS
0.39,86,VTM8HFIH5M
0.22,86,UAPWKN8JA6
0.56,57,TAC4J4IWQQ
0.57,57,18EHVP5GRK
0.64,80,ZZG8QBP5PL
0.88,88,HM1EG0VIXC
0.30,46,RFA14DZA9I
0.09,96,WBB8IXX75M
0.52,60,1Z1E85IWI4
0.03,42,C438CR9XS6
0.29,52,JXCOILIGO8
0.59,17,YFY871OOJA
0.88,21,GBDOJENQH4
0.49,11,8YED41J9LW
0.92,78,YCPNBIHAHC
0.33,4,GOGC2LNTU1
0.07,46,DW9HNEHGSQ
0.50,50,BE9RGTF1MC
0.18,71,T7OBOP7FBE
0.24,0,7ZFMZCF1F1
0.79,12,71OC678ZZ0
0.85,27,9US7XLYJFU
0.41,58,QNJ95VESMP
0.48,51,RRIHM9YDAQ
0.81,51,RNQTTHTFUU
0.36,56,7UWBUHEKFO
0.59,44,UBCSVYY2WQ
0.09,87,IZZV659NIC
0.09,55,AFY365EREN
0.07,25,Y2PIOZ3CN2
0.11,77,8VU7LEEK9X
0.13,76,9SWHKH2PT3
0.47,29,7RRH0E0XOO
0.60,2,EBA17ZHITH
0.92,66,GOOMXRT00J
0.58,65,VNATJL2T7A
0.14,24,45I8GVGE5J
0.99,28,AKI6R0L5NL
0.08,94,DHGYE7SSMM
0.07,55,XNOLPSU3TX
0.29,87,96HNLVLUAQ
0.86,4,I42Z3DSUBO
0.87,25,30SQBGW20A
0.18,6,2QIZNCXBMI
0.35,69,HWZU1CYESF
0.57,34,EJL9N0Z50Y
0.70,71,T7CAFW8H1A
0.97,36,00R1T7AB2N
0.29,30,I6AJ1SSHVU
0.26,49,E9T6UXGRXR
0.40,89,PDY5AUEYEV
0.84,93,6VBSHEXDB3
0.31,12,HYW5HKN0TY
0.74,16,C3MZU306NY
0.91,81,2E2LEOUF7I
0.85,34,T6SSSAJ6K3
0.20,60,IVR74ZLQCK
0.91,38,8QKGBQCR65
0.90,34,YOO9BH79RG
0.38,69,WHZ1AA7F43
0.59,57,M87F7BRXHR
0.34,98,20KQYAAA8A
0.20,97,JZFVBQUAKG
0.39,79,NA311UAM40
0.81,30,8WNQ271MCH
0.19,78,GHWVCXI4SX
0.25,36,XHBU4K221M
0.37,31,SVNVFI864I
0.47,77,1IDD6NNT3E
0.01,89,RNWGAEVHG5
0.43,63,I9RL5872UT
0.69,78,XL3OI7IGRG
0.68,4,4WG5SDN7RJ
0.18,30,8D967GL24Q
0.93,35,CKVDD02QL3
0.29,68,15JVH4UUQW
0.49,56,U4D96RYTGV
0.21,40,WOVKB3PASD
0.84,73,BJNMV0W5BT
0.12,87,BLF4XE3HX4
0.54,94,3PJOOKF2MJ
0.82,91,M54GEJL4CB
0.55,40,GJDOSN6BOQ
0.58,33,W65USMY4XG
0.41,47,ZA2YV0031T
0.08,82,NV63TTG4J7
0.85,12,OBC6LB5K4D
0.67,68,LA0FWXRBIB
0.65,14,XYAA5S6MUJ
0.16,44,UUU8HK22TT
0.30,25,T4767WB8J0
0.93,76,B8G4OHKNQC
0.03,79,U5KQF3WNLG
0.34,72,IQ352VWPY8
0.55,5,BQTWN71ARG
0.44,84,JI7KDGE99W
0.44,28,FD3D10NV1V
0.97,73,4Z0IQKZZYI
0.18,46,QZDV75H31M
0.64,18,I3MJOOKB8N
0.95,15,TALL6UZIOE
0.37,71,IT1DLQVYG9
0.78,97,B7QFH1BYXG
0.39,56,6O8YSE7HTG
0.30,37,7D1CYCRYPD
0.12,19,XA7OI3DA9A
0.13,91,PU2DUX7NJC
0.43,52,AHXBC4BC7I
0.17,36,EA6QDYJ12V
0.53,82,U0M4K4TS7A
0.11,28,0MJD0V2A0Z
0.73,78,YTO4JL4QHQ
0.11,30,1GCA985Y16
0.03,42,H5KL6DO0YD
0.89,65,CRWBYA0KUK
0.15,91,JQC0ECRARH
0.06,13,R43VKQ9AZW
0.46,28,GFLC7IVR3K
0.92,90,9KWHZ1PKEA
0.99,37,0URGHH1Z9H
0.92,99,D7QF51O9HZ
0.57,13,QUH0U9HG55
0.38,59,M4XNNWZ7Z7
0.87,22,AJHJGMTHQ5
0.32,10,PS2DR2LWU4
0.03,58,Y4DJF9M15D
0.87,59,69C221K9CS
0.73,46,WWUNI1N247
0.38,49,4GLLTHSXT7
0.97,55,XVD7SIKVXQ
0.70,81,XE8E4WSHQS
0.56,39,0L9W0VA7JI
0.52,32,F47U6RG5EJ
0.11,74,N5JZF6HKZV
0.37,82,ESBH3EEG8Q
0.80,9,FQQAQ3FW2N
0.48,81,EP9NLJJUAH
0.83,3,BDG72OAJF9
0.09,19,YXPYHO7X1A
0.18,67,BP6KTP9QI2
0.88,78,3NALXGTBUQ
0.74,36,QMBYCOR7LU
0.05,19,RT0ZX8FQ3N
0.25,48,RDT0WJC20F
0.55,84,UE7Y32TCWH
0.37,25,875XAKC37H
0.36,17,7WM98CGH1G
0.62,97,GIH5LBW5VA
0.43,16,JHVVJ64MA2
0.64,27,CHT3D2OI21
0.91,30,FUE3R8BGCB
0.98,95,O5QGRGG9Q6
0.89,26,ZYRJNJJLB4
0.68,14,WMNSHVRDGY
0.20,68,GU03OX54W7
0.41,28,ZCHTCBMMUB
0.63,82,PIWSWPX0IZ
0.64,14,16VOYVAI8T
0.87,49,644JC2T3FT
0.09,93,YJ9QBYVWEU
0.40,57,YZFUO71735
0.05,72,3R8L1MHODU
0.30,64,IPV7IID2LU
0.21,48,4B6OS8Y6HS
0.23,78,KEP1XQ2MF1
0.02,35,MTKQDK2QG8
0.76,35,QM5GJHKNHC
0.60,57,8PHNEB7AUQ
0.85,4,I1Z70DQOGK
0.05,70,FASB6A86G8
0.77,53,P86QWNDB0X
0.12,53,97ABP8LMXZ
0.76,78,MUMWETX8DF
0.20,74,20I6AIZ4EK
0.52,39,J81VJK2SC0
0.38,76,NUXMLUZAFF
0.57,66,GND7YRCJ75
0.61,60,6Y60SSFOE5
0.25,24,PV0T4V4ZZR
0.23,79,G4T5SL8CSQ
0.92,91,7OEKH27SWI
0.55,16,QQJZUJAPXY
0.56,20,9X4O8PZ7RY
0.06,7,33LMBBCIGY
0.76,95,V7R6BLZVDU
0.19,37,HK5JBX1ZZU
0.82,83,TJZUOE0IY1
0.35,79,VQJ054BKFD
0.79,54,QGUZGIDUPE
0.92,18,NF00NSR739
0.93,94,6R58UJR1AA
0.18,29,DW9MLHSQIR
0.40,42,OED9NHV0ME
0.00,69,K785TLQH1Q
0.72,51,DAFUSZNG9J
0.18,40,SS33PVX0X7
0.54,14,GN356WCBT1
0.43,91,2TGC5GXSMP
0.57,77,CCXUTIHXTS
0.02,47,DNE34L46O9
0.46,85,BK6R98XM8S
0.61,51,PR4LSV6JK9
0.96,32,KLHYWTH23K
0.01,77,RHIJOEWVFC
0.99,67,COG5035959
0.09,88,JJVU7VTROS
0.70,50,3P56598VRI
0.42,23,324DBWH9U3
0.62,80,UFZB3WI6H6
0.14,33,99R62LJGGO
0.52,72,38AO4CLW24
0.95,6,L5PXGOBR6P
0.86,96,UL47W0GXGI
0.32,45,6PWWRGJDQ8
0.82,13,CG9FUYOGQ4
0.88,25,Z72MGCWAQP
0.08,13,3GL57FEVQB
0.25,64,8D0ZAYVYKQ
0.00,86,I6MZW5UMQA
0.30,52,YCATORNTCZ
0.60,70,9BN89LR9J9
0.64,17,AGXR9LW9JN
0.31,56,C7PHY9SAK3
0.24,11,UAPLJ5OB3M
0.88,11,4T1PR6VVV6
0.21,8,CA0OQ60DIZ
0.56,2,33TS8XA4MA
0.83,3,6OG2EJF1ET
0.49,74,X7OCHVQ7FA
0.73,71,8BEDJK1CD2
0.30,19,FZ0NPADNDL
0.57,93,EYO4HUXBPJ
0.18,4,M3ZSJCGUAO
0.06,70,XIH5FD4323
0.72,24,1BMSAGZGXK
0.75,35,4E7LD20NX1
0.90,69,QIGR1RUGZ7
0.38,51,EM3010SSGA
0.60,30,NXPUQ1LL4F
0.89,63,BCS2G0OI2B
0.08,51,671D2Z9P08
0.32,29,XMG6G5KDMT
0.12,35,ZYZ83I3LSA
0.45,53,1LVYARXXA9
0.58,36,2290OXNYKO
0.46,20,BSGV4X8DUJ
0.48,32,NO2AJY6L9P
0.47,7,E3J4GRDCKR
0.73,33,3YISUNC8V0
0.24,39,MHBR2QAO4N
0.91,79,3C4GCJ0TVM
0.04,59,MHHFCTZAM8
0.55,45,ZQ3YB1UTU7
0.44,43,ARVLTNECQR
0.58,72,ORFIHBSEFK
0.86,56,QC9V31148C
0.57,1,JYSLXF7G2K
0.47,35,O103F97DZJ
0.96,25,5LLMUKV65R
0.20,15,4SSBX04JN2
0.87,35,O03RHHLBUX
0.82,52,RCHB6CIOWF
0.48,93,KEI9A6DRY7
0.95,76,3274V51182
0.26,34,LFYVLY4HT9
0.35,53,UYP9OM6VWT
0.07,58,6FGT2AYKN9
0.46,12,7FPAT4NYOT
0.21,20,H1ABK14CCY
0.78,3,9ZCTPU2ZZF
0.13,59,NVSRIP9SHK
0.76,32,P6ACD5IYNX
0.00,9,LNETGN61AT
0.38,24,RHF4XJXGJU
0.74,80,O34P4WEPWY
0.60,44,R2TTE9ZHIW
0.18,74,ZGBWPGC8ED
0.06,40,T72SVICSSK
0.52,81,0UIKXA41PJ
0.27,4,HTANI87VYA
0.74,76,U6F2EQLJJL
0.32,15,M08XWRBDF9
0.46,8,3I7D9PSRVL
0.25,2,T8LCN6JA5B
0.39,35,48O7WC126A
0.13,21,VU808ZCKY0
0.43,0,16Z262NL8L
0.27,12,ODMI0EEWGI
0.02,4,NEN26L4NQV
0.39,95,ESJREWLPLK
0.93,13,5DX187N97S
0.62,57,2THSQHK3DT
0.13,15,HHHVWRJDR5
0.81,59,2QYN78T994
0.55,34,F6WJW6T68Y
0.64,82,31Y3LPT78M
0.81,28,HHYATJ9N2C
0.46,48,NMN9QQYFQS
0.11,66,X1IUA49QFQ
0.01,65,H82R8SZNFV
0.90,60,HUZPE0ZXIX
0.58,59,TONB34AWJX
0.04,90,EPKTV4BPM7
0.42,40,A0IHBPYAPV
0.58,21,0QD893NDEE
0.57,10,6XOQG1DRV2
0.18,50,10IB78CRTI
0.08,91,I5WGVE03E1
0.60,22,SDJRT3YV5W
0.30,4,G1G6MHH27M
0.55,51,JFXOE45P2A
0.62,77,4HT52KX7OX
0.37,64,NSKZIHOD8S
0.79,81,EVZVEB5931
0.21,95,EZHQDH3B0J
0.41,34,CMUT1K9JU9
0.86,82,LFMCDY6SG4
0.60,58,PDMVC6APMX
0.65,7,NYJCJ1PVD6
0.25,83,G5RE9ZCD4W
0.35,43,0JMNPFLZIO
0.66,49,W8PXNODJPU
0.13,34,G7H2B8J1FW
0.69,96,1OHAGJ3KVW
0.83,26,7PUWG7QMFU
0.67,31,3JQHJ4GFEU
0.63,62,NRA3KFZHY8
0.22,34,L4DZBFP0SS
0.84,45,F9TZP7EZ72
0.58,4,KLSSUVU0CJ
0.73,90,39H3QSWOZQ
0.34,93,F1PJ7ROY6C
0.75,79,GVG9JRARHL
0.71,99,G81SNUS43M
0.05,71,PJYBGY9Q4G
0.52,92,EIQDIXZIGK
0.11,55,US7DOP4ZVX
0.52,84,6ZGHQ1Q8IV
0.56,13,2S11TEI26B
0.59,59,1J167NPYBT
0.58,77,14XTLSSX7Q
0.39,87,11GHFG0TGE
0.05,40,PLUX1UKHCQ
0.80,42,520A39SN22
0.19,50,FCS6E41PZ5
0.91,69,82Q8Y4LOMT
0.16,39,AZZHQA45V4
0.85,66,AVPOOP3FFX
0.48,59,8DV4ONJOFP
0.57,43,Z440PQV27N
0.89,33,RSC5YVSK8R
0.72,55,NN6QVP42LX
0.43,5,76TIVCEY3W
0.19,17,JF6PF64RY0
0.31,6,U8AH1H4XV5
0.20,92,8W5C0NJDLF
0.63,25,MR1LIBCBIZ
0.47,68,N28BSD2UW2
0.28,55,T7QHUX3D8C
0.05,42,5462276JCG
0.68,38,4XI2O5UXVT
0.25,41,DU0TG6235F
0.28,67,78V06MX8Z4
0.53,16,ZRQLFP13H5
0.28,22,9UPFE8XMRP
0.60,32,MAPE70LGBL
0.18,26,7UUWNQ7T3Z
0.49,24,X7WZXG954X
0.00,55,ES4XXPCKVC
0.83,69,6OO6OL9JDO
0.70,67,14UDZ3MHB6
0.50,11,H5WLBONWTB
0.57,85,H02VBQT1T4
0.34,70,UPK5RY0UKA
0.60,90,RIQ7YA8E8V
0.87,39,94GMYZU9ZQ
0.27,50,P2ZG8FOHQU
0.53,52,6Q7NJSLIUV
0.04,75,NL646BWOY0
0.68,63,5E61IKIE5O
0.01,4,G9ISYYUSPV
0.03,26,PKB029Y6ZH
0.15,0,M5F6JMSNU4
0.68,55,2JHKUOGJQA
0.25,26,NYE57UB5Y1
0.88,21,50BTGXRTDO
0.35,58,BLKLY16FOE
0.30,83,G1R7EYFT60
0.31,91,74J7MOWNVZ
0.95,95,N9MEQR5GRC
0.99,47,RE97F3NXJZ
0.85,79,ATCFXOW0BO
0.02,56,NGRHDUOVJ6
0.57,17,36QA3Z7QQD
0.93,66,VORKSNT1WP
0.21,49,NDDFIFJ96Z
0.40,4,W4MBTF5AYO
0.60,18,PLGG7RRU4N
0.83,52,1VUCGMIZ7P
0.00,11,CJ4YV0FGJZ
0.29,13,49U8M30YRD
0.13,69,87ZIKCK6D0
0.41,94,85G3WM07A3
0.74,3,IOWNPY4VO8
0.48,86,RAP9SM9NOQ
0.54,89,O7191CFT5X
0.29,41,L27MY1Q3WQ
0.84,29,WF04YE95C6
0.62,71,J4NGQR9DV4
0.46,53,DHA9JKOUZS
0.06,51,FJ7WPTAUZ3
0.48,7,FP7USUBQV3
0.83,51,KRAD6A25MG
0.17,45,VS349UT39K
0.66,9,T2KJ2INWOT
0.17,5,A9ZXRX2STQ
0.48,78,PNBPKLM69J
0.75,54,SJJCB3M0FH
0.34,24,I0G4OK0CGA
0.65,2,4S8Y6Y6QKI
0.59,1,DFAMTR5ZXF
0.08,58,OF4O4LIUKP
0.23,20,2TKOAYH71Y
0.77,79,IP9ARGK2HS
0.56,64,ILOIAGU1IG
0.75,4,5QTU1A652R
0.00,36,WHNYUWYI7H
0.89,5,A934TG4KVK
0.84,14,VZ6W5ECOKL
0.43,25,JS954ZKZDI
0.43,49,E0S0HWNGRF
0.41,46,DSDQUGBB88
0.40,82,XEALMOZIUK
0.39,83,W43RPAGL9A
0.89,65,WFW8TYZJWE
0.16,91,IBREBGKYOR
0.04,12,OM8SM89S3T
0.97,57,PV14QCYK5F
0.26,88,2ZIO78SIYA
0.84,84,9DY49QWE7R
0.73,92,T5UJ92ULAT
0.62,60,JP5TJHVLHA
0.45,52,OIC410RXL1
0.92,90,CBFMSVFC5X
0.18,91,B13XLVSIPI
0.93,64,JNLRMY7NZJ
0.69,23,OY06M2L7GX
0.15,39,VHY0QFFJHB
0.50,54,19AJ10827Z
0.09,72,ZI11JT0RCY
0.97,72,0UW4RBUQC8
0.06,32,MG4C511VN1
0.69,53,JH2CDQWKJM
0.22,59,5OOV8O0VE2
0.82,24,O6YQ8ZJ386
0.72,45,HOCJ3IJIN4
0.60,94,3A44CT7HWP
0.82,14,IERYE3ZIAG
0.77,80,AOBG1QBO30
0.26,48,693R1DM2HT
0.04,17,47YUZU4HBZ
0.85,39,IB5T3UO9O9
0.41,53,3P50F5G3QU
0.86,53,8NOKWRZZ7F
0.89,89,GRG7H2DT9E
0.50,31,T1GTGMXYW4
0.41,74,JU8ZMUGJVC
0.70,30,FWN0EAPFKD
0.94,92,D0XN2FJMM1
0.20,68,KSX2H2IZ4G
0.57,90,U40R49KPG1
0.00,47,7I2PZYOTP9
0.53,42,WMG4J5SO3O
0.59,77,TFN0II67HI
0.11,95,JPZXSAYRZ9
0.39,72,K9K4LM7G4P
0.80,98,O7DZUHYBY5
0.42,2,II7BF7PPY5
0.67,88,JV6RDIP06F
0.38,53,4TI7PRZIVT
0.60,34,BR9FURY2ID
0.23,3,L7KEZI201O
0.07,28,GOHNH6NVUA
0.32,11,YBFXKSLS3S
0.94,15,28VT1QIC2I
0.41,49,GAR0B9QLUO
0.94,54,294VERAH7A
0.08,57,FFV4UQ0NN4
0.77,40,QC4GCM52ZN
0.08,80,X9Z1MOHXP1
0.30,61,1K7ATPK8LO
0.68,11,PIXU0G86AM
0.21,25,ZT1XGO6B3X
0.17,11,M4QNJOII9T
0.33,65,0X5I6LM4U1
0.78,56,OC9A295TDB
0.11,79,45QIPXOF26
0.28,70,5ZP5IQRX8J
0.88,96,KOIRRXXBML
0.07,7,M5JV7N4ROP
0.23,49,Q4VGA5QQZU
0.35,13,0XEIXIY574
0.93,41,W15DXZB15O
0.06,89,G0LCERFEZ6
0.48,93,Z5NMLVFF1U
0.61,40,3639EYNY5O
0.60,48,8BZJKJNDIB
0.90,99,JYLJ5UWXOE
0.70,61,939KDAC9ES
0.08,64,DYXBTY3EUG
0.72,82,HXTZK7MURJ
0.03,68,OCI0GS1RD0
0.99,73,3P4TQ8JHFJ
0.97,90,G2DEADV6UP
0.58,64,WDPLVDQSIC
0.04,68,2UF4S9KB9V
0.66,62,D019JHUDLF
0.36,47,1RTM773C7Q
0.88,98,YSZMM81PW0
0.07,50,8FN3234TQV
0.09,32,LFXXKO8AIY
0.39,42,VFUSHVEW21
0.99,30,8F4KXLGWI8
0.17,5,I3JQM9Y7W4
0.59,91,19K48V8G5R
0.35,1,UQ8MZPF917
0.59,9,7Z39978X8V
0.64,44,NGIYCBR5KW
0.46,62,1BNGQHXZUP
0.28,4,JONM4Q047D
0.58,5,SIQSJU1DYV
0.83,10,3N724CTK4Y
0.50,62,LGZ5UHVHM3
0.88,77,YOOH337DPR
0.84,24,OU1CP8ZP5T
0.11,68,EB0WDT788F
0.72,74,CDJ2JP9P8Y
0.61,11,I4WW8APD4Z
0.55,54,K0A2X37SES
0.33,15,QYKQ4QGGMT
0.45,98,B8TUJKTTN0
0.92,39,OGRB8TEOPP
0.33,93,S0FXYQWPBO
0.47,9,XZEBK16VUM
0.03,34,E6U3YURSRB
0.07,23,NX02QARCC5
0.67,91,NEABJHF3WI
0.49,71,T6L4YZ673A
0.69,99,26WJSZ053B
0.97,22,IDNERNJHOK
0.08,10,1DHZ7PON6S
0.01,63,EXZBTICY9U
0.63,27,5PNFYLKTRN
0.13,17,BSZJFM86M7
0.36,70,62PJ9I5JAI
0.74,83,2NS4O918M6
0.43,97,JK8VHC9CBR
0.79,88,Q5O35TXOQG
0.85,75,6U5VW2KAFJ
0.23,95,UVAFYVBY2D
0.27,33,R4N6QBGILU
0.44,13,Q16J5SAJZZ
0.30,84,RMWLAUQBC3
0.17,76,GNH7U9KTRS
0.05,17,APT5VMR6RY
0.85,68,G1OH77GXXK
0.02,35,WNUGI4TB43
0.13,68,6YMU2P525U
0.08,20,ELUDGGZSX4
0.54,21,3UTP14W60Y
0.41,73,0BQPNYHTV4
0.62,26,AP8W3LR4MX
0.01,82,OWQNZAT6T6
0.79,39,1BDR70NR0Y
0.56,67,P5ZA7I2T3E
0.15,62,VCAY2ZN4KW
0.16,24,N67S68M6U3
0.81,87,6OPFQTEEVQ
0.38,95,SQPCP2PU28
0.21,16,FCYLHTRWKE
0.99,92,TRBEOT60YP
0.25,99,6HM3O0WF5H
0.78,39,JLOCICBLSF
0.07,39,M6K69U7V0O
0.91,84,YHU6RT02G0
0.61,76,EDDASQTF4Z
0.41,87,XM1O5XCNTH
0.05,11,NM9ZY8I30D
0.85,66,PSLL6OL6UL
0.08,58,NWT581ISC5
0.70,32,SQNMHCFW6H
0.93,31,09VLQ1Z66T
0.47,29,XL1MSK60XO
0.40,26,2QLPU89RIR
0.75,55,Z8KV9TTCRN
0.05,89,FBMF0A9VBE
0.46,30,8S6C54HLBJ
0.80,42,FB9YNX3WP5
0.73,71,7P6UMHC9SH
0.62,24,0GIBBXWIWG
0.41,50,F9FFJCO6H0
0.82,72,GS92RLY9ZP
0.65,41,CFDZPMQLOC
0.97,15,AZAQQXXVH1
0.90,92,DAJDE8SQE0
0.25,39,QSKTIOM42S
0.63,96,6GZV6RCBRP
0.38,80,BNQ14HUH1N
0.05,32,CYMXS3PK3I
0.97,36,XI9TC4C8TI
0.77,45,IZNRFSF6EG
0.39,90,77LLUES7H6
0.27,99,OVB9JRGHRR
0.19,2,BFBI3DITV5
0.66,57,A851SH39I6
0.57,87,XYS117XBAO
0.57,64,GLEFNZVIT4
0.31,51,B2VZKNPB06
0.66,40,HC98HF63V6
0.56,67,HLRQCW0SOF
0.78,94,KFT4L6RF97
0.75,45,BURX5P24YV
0.68,18,0OQXCSHCZZ
0.79,16,7LDRG2Z31A
0.53,94,TNQBHCQHDZ
0.12,40,V47JCIFSS3
0.06,26,XEHN2L8FNU
0.39,4,U3AEDKDLPF
0.35,76,LYE5OJFPKZ
0.27,48,6X0YOUGEOH
0.18,49,Y4AH231IIY
0.04,77,GCV17PRUD5
0.02,87,Z69KDSD5IQ
0.33,96,CZFX4PAE49
0.19,4,WKCNFVOR5B
0.53,95,825SBLZ358
0.20,71,DJGYBNFW05
0.58,6,LDNCRDZAKX
0.65,24,SD12BU9AH2
0.89,68,OW494PX1ZP
0.79,33,GKE1NA1E2O
0.15,17,Z5MR6IK4LI
0.29,17,E1FMIOCCH4
0.45,79,RGNIM85JHY
0.53,96,UGHU9YL0FE
0.07,34,CGH6W37NNG
0.96,10,J10ILR0L4D
0.97,67,LQQJG1TAX8
0.35,40,ZVZSSP6ZNP
0.53,21,NTB61GURF3
0.20,83,7J7MS7DHEB
0.06,96,QQQMQGGRI4
0.95,56,SQ466STGVK
0.19,74,2P9OZ0R5JA
0.36,69,7XLOBSO8I1
0.87,5,JWSXW4KM8S
0.60,29,B4XLBPXOIT
0.75,59,6S8L0ISQOC
0.57,48,L5EGHYAYF4
0.87,7,H1GRT7ZCNC
0.99,50,GZGYCGEFLJ
0.83,11,CPDWX8I5S1
0.65,83,VL1W98FEHS
0.05,83,JQ8KOKCBJG
0.20,13,IJH0QBOG82
0.83,77,N6XP18DK9O
0.03,64,VVTZR4TH5A
0.10,85,UFYTFO13N1
0.40,1,DA4BF316KT
0.29,30,6LGW3K7ZQC
0.38,68,41X2BYBHLA
0.38,25,DQQAX2TORV
0.58,69,1Q83VFIBVS
0.26,91,AEBXGU1WN1
0.27,85,ZAPZSO5VLO
0.05,4,GLV19Z6IFZ
0.27,81,Z6N2ITDPJI
0.35,44,UQ5AVYL48P
0.93,9,RQ0MWNFRH9
0.24,14,4SK5D5GC4U
0.09,33,QS7VQ3OEHJ
0.46,58,JYCJPWLUTG
0.94,83,OLDE2Q0512
0.82,20,KV2JYZBU70
0.52,1,SMRVXV9P1U
0.69,46,R6YY3KJDZM
0.44,71,T8UF6HJR2B
0.49,3,YPZB3DOIEI
0.76,92,JKKVFQJNU6
0.24,93,EIH12DLRYI
0.18,43,7QK0D6QP51
0.35,62,MPUK7XBBI5
0.73,2,MVQ2I5ORTG
0.66,25,PTXM9I7VYZ
0.18,25,YM90T2V4EY
0.23,49,6GKV1KN3O3
0.44,76,1B166E2Z8O
0.20,93,7BBFJ7B41V
0.36,2,K5G793I093
0.33,9,1O4VA0JN1B
0.73,96,HCSQZ28O3M
0.24,8,JSZU1N16GV
0.55,33,MP6IXECYEH
0.53,86,ENKRA2KWN6
0.87,62,TKDDACPHD3
0.47,14,PJGLKSGXQ2
0.29,25,CLRZDHKYMY
0.76,25,1DBH361VM2
0.49,18,T7657KEC0L
0.39,98,HQ12TX4F3R
0.90,51,KEJENTW331
0.75,42,Z6YU6NK4T7
0.43,55,B4WYZ0J608
0.62,39,VR53WRJF4Z
0.19,4,AY6K1YTUVO
0.66,69,I2Z9NLNGM6
0.48,61,27MYOR7EBS
0.97,10,GD9NBI77HP
0.15,36,3QS8LSPJZ3
0.71,19,KB78LP3G4N
0.04,33,JRBLPAJOS9
0.17,49,R0F6N6GUBM
0.02,67,YAMNH9XGXO
0.30,25,KSJDUPJ6CC
0.66,33,1J021HMW7U
0.62,3,HAMM263HVU
0.89,27,OOB6MIH7V5
0.78,13,B9JLN5RD8R
0.30,6,WZW4407C9G
0.09,62,PAUIE7JYYS
0.54,79,P72VC01YMN
0.74,90,TKR025DNOJ
0.09,32,8H794I8JTH
0.41,94,OA966KOI1S
0.59,45,OWR0SVTGX9
0.60,24,LIQVYFCRL6
0.00,51,X553G2UBKF
0.19,23,T6ARLXVR3O
0.95,46,2S4RLR320P
0.49,78,6B0DXBG0I7
0.44,20,NLVBNUABSJ
0.70,81,JEL3CKRO22
0.85,0,D80VHJSBJY
0.87,73,QT44R71C2I
0.53,0,VS0FVH030P
0.93,29,CCCMXNYSOM
0.44,46,8JGR8GI270
0.77,95,01N35XGH1A
0.84,47,JX9CP3LZOK
0.47,37,AR0L90P24Z
0.79,15,RTEW6I01TF
0.88,75,DZMPMFYFSZ
0.02,85,BPDKBZPW7Y
0.60,84,F5GI22Z1S0
0.91,47,T8EZRD9KW1
0.18,44,QP2LDOQXHQ
0.35,34,YPV79F8O0B
0.07,48,MYE6B0799R
0.38,91,1X5XX8V6JB
0.46,32,9ALEV2POIG
0.26,78,MA05G4LA0D
0.06,75,J3GSPSVR5W
0.71,0,6S73K93JGA
0.95,79,LC3W184P38
0.95,12,F12A6ZB9JH
0.62,71,NBJYPSUJJQ
0.43,73,FFR6YVJH8Q
0.29,14,U8B0JBYULM
0.20,35,DZPFHYK0VP
0.07,35,SMDA5BQ6LC
0.71,83,B1VCWCIAS5
0.99,27,CNQWLM0S6L
0.40,10,9TOKORF5DV
0.50,75,EB2UB3N7HH
0.86,9,UDFB6IGHNF
0.40,0,QZM258U90G
0.34,92,1V97LMSFKZ
0.08,44,LSPAWNM9AQ
0.53,15,HJYUZ68A1I
0.44,33,CEF8PL7YCK
0.56,89,OWC4IIGR0V
0.85,61,HC2DJFCPD4
0.21,10,I7W6S6MND7
0.54,44,I5LGDXGCPD
0.78,80,5MYQEN7EAT
0.75,95,JI85113D8W
0.13,53,OD62C75R15
0.36,13,RZST8UN08U
0.53,28,BR2JV2SOIV
0.63,59,IBNZAYU0MK
0.72,70,FS9XD2PQX0
0.90,59,M83DHXK4K7
0.23,20,1CYX4UUA4N
0.28,0,XKVBVSV6WM
0.87,63,XQK20DC2LR
0.56,71,1E7MO2HPDB
0.35,78,9RK8MII5W1
0.23,44,4M6YO15H38
0.01,24,3CAIOVXPGH
0.04,49,UOL4T74KO4
0.80,96,93D1S8KBXO
0.64,53,NEITZNCERU
0.93,77,72G8DCUC3Z
0.93,86,IMCGN1TV0A
0.99,6,7IGDN925MI
0.52,50,QEGZLHFVY2
0.94,54,QIMBM2NMID
0.63,57,G0OTK2J77J
0.41,35,GOC115DJA3
0.91,13,1AIB906N30
0.24,34,WLX4ZXUOV3
0.60,27,RIGM9ID0UV
0.15,67,QEK8RY83IG
0.55,45,OQKJ0LZO7Q
0.93,25,0NKGBTP9UJ
0.11,28,IV9LP4JH8N
0.79,68,KJHTXD3EMR
0.91,21,9XKHO3RWGG
0.76,74,6SKLYCJRSG
0.44,78,B3N6XLKR6J
0.31,33,Z4TCE0DCYI
0.37,51,3F739UNBOM
0.64,91,QJTMAJ4CGK
0.20,32,QKTAAWVEF3
0.87,66,W5SWFLXU1I
0.88,10,REKDLBLF0A
0.62,46,HLNU5MEYAI
0.78,70,UCPU5YMPIZ
0.89,39,2OUOZSWVTT
0.50,60,RQOSULA4DF
0.03,18,2TVHYLKUBH
0.35,71,TOW87KQXWI
0.13,69,KUQ248Q8NK
0.22,13,NS2MM7RK54
0.29,41,8NWUW2M61L
0.59,43,XPNOPRO64O
0.51,48,L9DU2SH5D6
0.86,19,BFV1MTIZRW
0.74,71,NYKH5KE97A
0.72,25,KQTPCPDOGI
0.02,39,888IIFAX26
0.58,73,CWJ9EFQ93P
0.30,57,DH6MXDCPBD
0.82,6,WD2LUEDVLI
0.11,3,3GWM4V5AC3
0.14,63,55MSFTL4AD
0.61,5,1J9FCFXPQN
0.58,92,O5LTK9O3DU
0.47,43,6XJ370W2J9
0.45,36,PQLS14I2N8
0.15,53,XEEZMH12EX
0.77,31,RI5OKUJZME
0.31,68,MIPIEKOYS7
0.18,27,GPBB6MTQFO
0.37,67,KVMDIN58HX
0.11,69,XAUFMUL0YO
0.24,87,FTZHJEQU8Z
0.38,22,1ACQER2TB7
0.81,66,JXJ11L10S6
0.98,44,LQX1JPJ9R5
0.46,62,U4CXD0VN6K
0.52,3,8WV91AXL48
0.18,95,8910O5NQEH
0.16,68,SAXUTHB7C5
0.24,45,ZX5RP95RKL
0.66,33,Q8VXFEY3YK
0.91,34,C2SY511LJV
0.27,30,KRJBKX8IKS
0.85,2,4MZ0YS3C2V
0.15,28,3P0UKPBR7F
0.53,88,LVHVWV329U
0.47,55,3MIRQZXUZ9
0.97,98,9YFK5HZZY8
0.64,72,8EX6SIKS6K
0.37,30,YOFMBR4GI5
0.79,90,KRKPT15414
0.67,23,H423XVX27Y
0.43,72,Z4JZTTZV9W
0.20,89,SUT3GPS5R0
0.32,20,X9QU1SXANS
0.65,51,721KW95KHN
0.74,41,CQJ02LSSHJ
0.80,87,C83Z9ECAW6
0.64,64,WYN2BMTDIK
0.28,75,ZRDY4G88D8
0.54,50,OCD9LLDYXZ
0.39,17,5GTK7U5HTJ
0.56,21,27UP7QYOIT
0.04,79,AA82Y223K0
0.97,81,IYQK9IKWT0
0.34,98,Z9FAQXZUVM
0.05,89,8RSHQGEIBQ
0.67,90,9R5V7122Y5
0.29,14,MAGC11WPH6
0.33,39,UKIEEN850R
0.42,90,9O3G0DBAV5
0.35,52,XVDUKRTGZ9
0.30,23,B0I5CSQSGQ
0.40,24,1ETZOCU99O
0.75,35,W26OTV109A
0.38,18,FI7BOF150X
0.45,34,687TI81UN8
0.47,38,SKHQNRI196
0.22,86,CMB51F043X
0.59,52,53OW41NMVS
0.72,79,OJ8HQPFDDJ
0.38,84,PD0UEBFQAE
0.98,32,T0CO8Z8FV1
0.63,26,MC74KB9A6O
0.35,40,MYEBAW73AB
0.83,14,YCN1EZWVKA
0.67,45,EENQYMPOWF
0.61,93,F88UNAMLOJ
0.30,37,EX80W2EXP0
0.11,59,5XTH0H9E2A
0.24,54,1QUNQXITUU
0.54,49,JTM18QUTAZ
0.43,78,I6T312CIJY
0.16,23,OPR0C9LC6M
0.00,21,0H7JO1DCFO
0.08,0,H4PFZW7ZOH
0.81,29,2WW64GKIAN
0.57,23,ZCLJVOAKW3
0.11,95,7FZRM2SFUA
0.26,45,Q0ONSUH95E
0.07,41,UGQE9TG9Q4
0.10,68,X15NJP8C0H
0.09,16,TTC4ECTKHG
0.09,20,OTQALN7N5Y
0.20,53,XXZR0GWBCL
0.26,68,MWBM979KSI
0.95,13,BLFCTZFCTJ
0.38,35,DNU4MVBTKF
0.92,26,545C3L2UZV
0.67,24,SHBMF6CBV9
0.73,2,DJSHBAG3GB
0.95,50,2PIU9CCA9Y
0.27,82,KHJKX8MDRT
0.82,41,4WU89CRTLT
0.59,21,APOT1MWOY5
0.46,36,4XDDPSI6OX
0.14,94,B77F8SA64W
0.62,88,GZ7CALEZDZ
0.92,88,H3ZQDKCH61
0.38,87,6R7M96M9M8
0.30,66,NHGPRZAK8S
0.28,73,O62XH1III1
0.43,67,J9ISO15FY7
0.87,75,SRV3I6FTLE
0.66,18,YPJDZ2E0DI
0.71,95,TAX3MIHKSH
0.59,90,O9FTUPAIN3
0.48,34,6MQ2B9QD94
0.67,49,GGQ7LSX3ZK
0.73,53,5ZMNYOWNF6
0.36,37,W0MDEBXYNE
0.23,81,Z79TWDHGJ1
0.74,74,IVHT61IL92
0.36,34,R0ID7KJURL
0.17,21,PGCWVZENA7
0.67,21,KDJL07KF3R
0.87,73,X4TWDX8MSJ
0.87,54,BPRPRQHEBX
0.90,82,VVDR9RUFW4
0.36,39,Q8LEWBDVUQ
0.83,87,929AZL2V5V
0.29,27,3EINBE99CM
0.57,45,D69CH0TAUR
0.33,94,ZSDDGU8OFJ
0.51,59,EJ0FSMYJG7
0.98,98,ZSKPVD0C9C
0.28,17,L3ZN688DZF
0.48,95,HX4I5XCPEU
0.65,80,8PRL6HW3YQ
0.69,51,9A4MGBGGQ4
0.84,10,CEN4PVNXTN
0.87,13,M2IR39WRU1
0.46,10,09SEFE8QXF
0.55,10,2W22VQ5G3W
0.32,38,ADI46UW0Q0
0.19,76,UCR11F2AV4
0.45,99,HGITJR1HIN
0.83,24,Q58IS1QSWY
0.75,85,VFJP961CSY
0.90,64,2T0OQ1JP4A
0.35,50,MWTKHL587X
0.34,13,6CU0NVQF82
0.97,59,P40LM154R4
0.77,5,YVJJGJ8H68
0.84,82,0R9TR6RTZJ
0.55,23,TG2LUHG385
0.65,88,SKYGZS8OGL
0.21,2,OUYLAZKBTA
0.05,25,8VHNRA2BN8
0.22,77,E7249P9DP1
0.08,2,D1U8QELR9N
0.75,76,OS1N9XRX2A
0.31,84,E0XQUK3T33
0.88,58,22W43NY7CA
0.31,24,JH9V399XMI
0.68,91,Q13D34UHYM
0.48,97,4FXQPAY4W1
0.62,73,ARO60EO3RP
0.91,82,SZ62X6KER5
0.20,96,OLIWT0Y92L
0.02,26,AEV2AC4P0H
0.87,66,1MEHLE2MRJ
0.49,16,2ZX6RLXPFZ
0.35,15,GV8DXHDJ2C
0.48,65,CXL8CFEQGI
0.04,54,7DIPERP3I3
0.01,4,0M47QLWC5K
0.15,86,EIOYLSM0A2
0.08,24,NPAIUUA2GH
0.18,6,70JRPDWH87
0.49,38,YLU3K2RJZA
0.63,88,XK06I1WHS9
0.61,86,536EVL9I4V
0.42,1,41I2J68VYD
0.61,36,D83IW75J4T
0.66,61,72O9QTEO0S
0.84,16,EEB2AJLWI0
0.51,69,325A70CNKL
0.76,50,L244VKQOX0
0.47,83,J2XKSN37HL
0.29,63,M57YVNDVM7
0.41,45,13XY1EQRQO
0.16,37,ZMQ2VZGYPH
0.84,33,ODUZKWCM5Q
0.72,3,CFSHF280EI
0.78,98,G9D4LKSWJ9
0.85,81,JHSJQ5PPFA
0.38,19,E32NED97SY
0.98,82,VTMFREIHER
0.25,57,VDBS0T5B6T
0.79,57,PMFSRWSU1C
0.24,34,PMBXSDCD07
0.72,30,R4H0PK5CRC
0.90,15,MGXH3IUIVF
0.19,92,DTA4RJV1Y4
0.42,52,L8CQFWBFLQ
0.37,24,RIEU0HYLWG
0.33,11,FFHOHYKPN1
0.69,13,TBWR3G8UMZ
0.76,14,YNS5E8TUWE
0.70,66,E5RROHOCP0
0.17,58,VATNJIBIDI
0.96,94,2DCV5VFEAZ
0.17,22,1X1DYWSGX6
0.61,31,XKVG0PAJVB
0.35,44,V5WDPXS78Q
0.47,21,ZXLJLPJGV2
0.91,54,UXVOGEPUD2
0.99,18,6SB5514W0D
0.70,59,K8VVKSIFSC
0.94,1,HTNF6Z93HN
0.65,58,0CDW60ILC0
0.56,64,NJZF242AF1
0.41,24,9O1K9MR5ZS
0.20,74,1WKSU4UUUO
0.86,43,M6NIC2DAH8
0.02,23,VMMBSLZJK8
0.95,73,NV186QE16A
0.51,15,121JMMV4T6
0.69,9,7BEDEDBW2T
0.13,69,RG2Y4GFY0N
0.64,49,R8EVYJELXG
0.79,22,KPNEWRUZ05
0.29,74,2DP2R40B7B
0.43,13,3FY0EF5D61
0.57,96,ETD4ZD9LGR
0.48,92,ACVL0K0D1V
0.11,45,UPDJ84BEI4
0.94,1,EHZ36T09LV
0.00,60,JNZP4BDSS3
0.14,66,8VUKRK21CP
0.85,3,K772NY32EM
0.44,13,C6JLOAC6OJ
0.00,8,5BD407BXZM
0.45,73,HRZ7XTTYIZ
0.72,74,7720W86RPT
0.36,4,7IPO5MU937
0.37,48,AC430ADJ39
0.11,82,WCOW06DPMB
0.79,22,SVUOVH2KP3
0.81,79,QXKCC7QEIN
0.77,51,EEDD90J2KU
0.40,74,D07Z9JYDET
0.42,47,F0KM7S8X9V
0.26,77,NV4P57RT0U
0.05,95,TMW3XULORA
0.61,92,384X3RB001
0.38,49,D6H8V4JME1
0.15,66,Y5UZRAH11B
0.46,19,1Y6D402AHL
0.63,24,PVZARAP01K
0.09,88,NSZLU3L8N0
0.04,95,Q66B6W9DTU
0.05,79,QMOENQ1EQ3
0.26,98,Q42XESFVIJ
0.41,5,N9VHU0H7CG
0.37,77,P79UG7ZEPF
0.74,26,9LUFIDMG5Q
0.40,41,K9OCIW50H1
0.11,62,ESDDQDQC2Y
0.78,48,ST2XBYJFUW
0.27,93,OMP662TE3G
0.93,0,Z1FIHJT3QM
0.45,52,8YQPI60SSN
0.39,18,3XQM7XK7PC
0.80,98,QACEBUF0BS
0.29,50,8T0MG00KM2
0.91,20,XFYT5006AB
0.52,27,KH4TZHY0IP
0.75,28,F0HQ52FNN3
0.88,26,QMHJIVIHHA
0.53,37,RCY32T5DHT
0.39,76,SWZ3EWFKL6
0.19,19,DWW9LC93XY
0.84,17,8K0M514BDA
0.16,42,9F3PA7XPEN
0.33,48,5Q5ASMZE81
0.00,84,IBK3GXF2UY
0.34,39,MQ475TE5W6
0.44,30,LP59ZPQN7X
0.52,79,NVF5YSCPOC
0.03,65,T4GBBIOGXK
0.68,94,W85Y0GT2AA
0.85,30,46JRJH1GWE
0.87,37,I51JWPJZU2
0.14,46,FAUGVP3418
0.58,12,H97KY67C8W
0.20,91,Z6V6KKL29I
0.36,73,LPAGQFOJC5
0.54,68,UUDH1AZH3V
0.42,44,MNYH7YO4UH
0.40,13,GK3DL0XGAL
0.53,71,MA55H7QBJM
0.80,97,OGJUT784ZZ
0.93,98,SI9YLH3YJX
0.47,43,P9T5DT0FCL
0.29,26,6WE5PZ55MC
0.90,80,UR4SHGNPM2
0.43,88,JY046KBX70
0.13,46,NR3ROHZ1ZH
0.01,94,ZMT4Y9YWNX
0.91,26,986HOACQ00
0.12,37,C5OS2V9Q8U
0.97,59,GPFFGC5772
0.67,48,AAGUE0QY3X
0.58,89,3451WT50PZ
0.76,2,ND51OA9M3M
0.03,66,4R4ZU6WOCG
0.36,19,ACQA973V3Y
0.60,7,AKBUYOB9WU
0.95,87,93N1AX2L43
0.50,74,5T9STCN7Y0
0.23,96,6EKE1SKCVS
0.09,33,IRPSHROSZQ
0.59,9,ZAP3OFVNS4
0.83,20,SD7CDWHG8Q
0.09,12,FL3LBR5BBE
0.85,56,R0Z0KG28WT
0.34,92,ZFSWH8RSQ5
0.40,97,CMDBW8KM9K
0.14,89,UBLU5VJ7VA
0.58,89,IVT2ZL2MBY
0.43,86,Z47IDZDZIX
0.12,77,WJUN3DDPDS
0.46,54,5UYEE47F5Y
0.96,27,14A57Y0WM9
0.01,24,WHWA92DOB9
0.78,74,470QUGIW55
0.56,13,MSPHV1OO3T
0.48,51,JK3WFWLWL7
0.09,47,8HU7Z6U1BQ
0.72,1,IRIFPBR7ET
0.85,11,AK5R4BBZ7P
0.31,26,DCB3XOHIGH
0.15,20,28P16ITXKV
0.00,17,57A3WOJEF9
0.13,54,NZS2TGNO0A
0.05,84,VJ9LSXNJMC
0.07,62,5XM0VQ5HQV
0.04,64,F8NOERTPGW
0.08,27,MSZ42KQG3O
0.62,75,6JVZREZ9PV
0.45,75,3ATDRM6I5V
0.55,32,CDGH88HTDI
0.80,22,5BH2G0R4W7
0.15,85,ST3DE62F1D
0.65,53,7AE0UHQ5AU
0.89,98,ERJX2YM6HV
0.61,94,178XC5SYVM
0.74,51,ODFAD0SEJA
0.22,86,44TY4YBFA5
0.87,85,MJ76S58DUK
0.50,94,B12XN0AATT
0.20,10,BU39OB1FAV
0.69,43,F0K4AS1PGY
0.47,73,TGZ3FC3CJT
0.39,19,XYWY8ZN2N0
0.29,19,GUWZP6EL7Y
0.87,9,G0MNOSNKCN
0.60,37,8FSN0VGSRB
0.23,38,IZV29MLJX4
0.41,23,W7T5Y91R2L
0.56,19,GKN8K8R1VD
0.14,11,DXQL6FCTOK
0.70,75,ZBVQD239KR
0.53,2,GI9R2QNTT4
0.86,39,T1VKCBY3UI
0.94,26,8LVB514TLU
0.07,19,SEB2B696Q0
0.64,36,IXEKQS852H
0.78,52,KT8HCZ2FRD
0.73,99,6S11WUQ6CQ
0.00,93,9L6JSDFH9U
0.06,77,IOW58YCO5X
0.98,23,FFBVNQAA5J
0.75,81,FY5YWU4EBE
0.19,80,GSA3E226IK
0.08,43,EDG2H1IOIM
0.92,78,3XHPHBK9WC
0.34,14,R4BYPPTXQU
0.24,50,CGHTTJWCBE
0.58,5,JJKBK2UGW7
0.38,26,5WPDV5USFK
0.90,28,IFINVRGMH1
0.56,7,GP6VAA9IUV
0.71,31,W8TKHNDH6J
0.30,72,3HSFBO52A8
0.71,58,5CYJU7P6R2
0.37,0,LGPJNQ4ZK3
0.45,81,HP6YPNUB21
0.91,73,2UW6652MHM
0.97,29,XMZFKJPT6F
0.31,82,TY7XHBMKCU
0.33,84,7BN2CHD1BU
0.83,42,J3HGG26LRH
0.35,84,DTLW5MD4MK
0.31,44,4UC8RDFRH5
0.58,38,HR2IJ0QMVL
0.44,98,J1MNCQBBG8
0.98,34,JZ9RN6GFD0
0.28,39,B5GIZ02WUB
0.16,96,5WHDG3MWES
0.21,42,8XHMGRM877
0.95,29,K9K0ACRB3P
0.06,17,H6MKFVAQU1
0.67,96,FZ93P52JQH
0.95,17,G7GA51QIGY
0.12,1,F95Q7AOVO9
0.83,41,TNDFKB1FZA
0.58,70,U8048BJV4D
0.51,30,X64AZ9ZROU
0.37,71,Y9VC9M0IEL
0.61,80,IRK1YDVR8G
0.25,11,3TOEOTQLJB
0.63,53,WVG75XLB10
0.31,98,JJ0JTQNDJF
0.36,57,JEFEJXSRR4
0.23,28,NHKIHWPC74
0.86,5,X89898DEBV
0.74,85,S6EL6RXWXU
0.40,96,ZYCACF5KE8
0.03,9,ASP8QM3WHI
0.32,63,HRVTV3LUY4
0.73,38,1F8MBUDI6M
0.96,87,8ZYMD8JOG9
0.15,82,4I5QRN7PS5
0.57,0,2AP34MDWW2
0.81,16,4FJNQAAVYH
0.08,93,DCEIMR7IX3
0.41,63,GWRL6DLMLF
0.43,37,ORE4LU9MJE
0.58,8,GP13MCSQPY
0.00,3,SGN84H3PAE
0.27,95,N9Y21TFN8J
0.11,45,Q5RR68N5TZ
0.58,49,D4ZU1QCCSU
0.92,82,PLR9F2U6MS
0.81,86,DHEKCRUMSC
0.17,63,TJ06X1A6EG
0.16,13,PFX2LU8UQR
0.45,98,LJS7C3YMQW
0.45,14,I1UA9IZ7OI
0.44,60,38NC9ZMR5S
0.95,65,TJR9T9J39U
0.21,75,EXM383431B
0.97,82,U1XBIE18QT
0.03,14,9DAJ81LGDQ
0.11,59,6XXYE37BX7
0.84,26,SA63332OUA
0.16,9,IY1F0KAOHG
0.06,39,7GEIUUU3CS
0.90,13,Q2DRR89I67
0.33,32,Q8M2WZV11D
0.81,0,M2HL6JAPHS
0.38,96,45US346Y34
0.80,62,R4D5TJME73
0.05,85,MGAJ3USR2O
0.79,51,VNSUKA0FWM
0.56,32,XY65DRFCX7
0.28,37,V9YJSD8FO0
0.52,57,2PI60FB25T
0.59,79,NOZQHQHK1V
0.55,84,WL65S3BIGO
0.98,18,ZEMPI6YMIZ
0.16,52,9PFWPQZ9CJ
0.68,17,JNAAOHJ9YY
0.91,49,0OFDG6NI7N
0.88,4,YZ4170IHUV
0.56,38,8QCOGQN1XF
0.97,9,FRA8H8IARB
0.53,62,0P3SGTKH6T
0.13,9,MS2MMP1G3E
0.94,89,CKHYH5DEK8
0.45,32,TNZORBMKMQ
0.86,73,RVWBAL275Q
0.76,26,IKOUGOLMD3
0.63,8,JJ52552DR4
0.94,59,CTVROYNOPG
0.40,49,PIBLMFZ7PJ
0.56,95,3MRAL0OBYA
0.54,1,0QM0PKF1F6
0.28,78,GVDKSACTYK
0.01,69,2GZNEVBODF
0.27,81,RS67FNG202
0.98,28,Z4OTG3W0Z5
0.17,54,CITLBZ4FVL
0.23,73,RBCCU51131
0.79,16,7C3V92HGD8
0.24,35,OMHSHO2099
0.86,36,XEVNLZ9EN1
0.11,48,9XI4FXLVHI
0.51,61,HVU9SE56KE
0.34,87,ETPNGK3P8I
0.70,48,RZZZ1KV1CC
0.06,82,W27QJUZZTT
0.52,37,QJKXOYLHJ0
0.39,8,9HPVV0RCY6
0.33,40,W74NR74GDG
0.58,69,KN8TQOFOVV
0.03,35,NXYTVBH3AP
0.71,91,CBUUPM4F0J
0.30,15,NQES99HK9H
0.77,12,1HK6F7LQRX
0.45,31,2U5I4M7A0H
0.56,12,8S8LSZEBCR
0.04,75,FENZ2KPOHT
0.67,16,CYAXYZWDTG
0.57,25,XIN2ZIWN2I
0.65,38,8HSWZ43FV9
0.95,27,WFQ7T19HXC
0.94,90,UZFGH8PWPO
0.27,19,ST306EJ3KH
0.89,71,PJAT8PN3E8
0.16,63,A6SXC94ITV
0.01,75,EA3Q0JW5GA
0.41,25,2HP2L1WWQU
0.47,36,GCC636KYJD
0.78,17,4P0SMNL1CW
0.21,49,XYM69MYAR7
0.38,76,UJTQMR1DHY
0.95,4,IBK0JKH928
0.66,9,G7CLKU9CLP
0.30,72,RDO5NI19QG
0.72,4,O0C9X6RHUC
0.03,33,QZCCXD44LO
0.00,51,EEM21DU9I4
0.04,34,68Z26C7RNI
0.38,62,ITFNN190YK
0.46,94,NR76B04IEC
0.70,41,A5JCLWEJQC
0.52,31,2I0RUWAR81
0.43,65,EVBFA1OAIR
0.25,57,8HR6XDUXHE
0.92,60,YF98TIOU62
0.05,80,JQ1VGCCU5Y
0.00,10,LWGO0V9I43
0.66,22,SKY9JILPGA
0.95,52,F6HCCNJSL9
0.33,65,QLII37KTYR
0.80,19,TLIR94L7EE
0.85,63,6VPHEPE6RI
0.16,48,O66WK1QGQ0
0.36,33,4YHARXKCA3
0.32,67,EGGWOCR3LB
0.76,84,RZRK37LXMD
0.65,70,BO4Z3MHGKS
0.61,34,RSOC41NLLS
0.16,3,JC5NB0PXOC
0.36,3,S33OEYJYW1
0.38,64,OM1AXVQ6WL
0.18,75,G9CGVZC5G1
0.18,71,4J78U6SX4Y
0.76,34,3NCED4VG6G
0.73,84,AUQYBNFNLO
0.00,27,CCDSVAI4IK
0.38,64,ULKA85KR4J
0.45,81,UX2SFZGTY8
0.75,13,CICP1XCE0G
0.67,82,YV8WZPEZFX
0.73,60,JIOS9ZMN83
0.42,88,5GS2US2APB
0.88,23,GRBZ40IQFN
0.65,16,ALLR9USBX1
0.33,94,RJYAXP71JU
0.80,93,A9EYYP71VK
0.78,5,4OFGX5CEZK
0.56,65,DU5M82R4N1
0.67,82,UFYI29DZ7Q
0.02,59,AGDDO68NPZ
0.24,23,CZMDYK5PTW
0.47,26,NAXFWAXXFL
0.08,83,MA0TN3I2JP
0.06,35,9VWATQJ68N
0.96,70,GZIC7SH9S7
0.26,5,3WPIR2WYTA
0.95,45,91GZZ0RS2S
0.83,64,7RGZ5WMMJW
0.28,79,P0YXR4KQJ0
0.00,36,F6QPY7QNRD
0.76,77,S08KNW7COF
0.69,89,JG7MO2ZDDZ
0.81,78,XPJIP2GGQB
0.03,80,YL35CMAD53
0.93,15,7OK66CW019
0.10,58,LIM61L30ZT
0.99,27,UH5TFPO0UW
0.80,53,XTR2C89F32
0.39,96,QLEAOB36DY
0.47,47,BW6ZC7A5SF
0.85,60,5BVJ7PS9EH
0.40,78,MKGW6DIXMB
0.78,1,QF8V0WUIC5
0.22,90,YI3N4LHXQ6
0.83,39,GPX7J8BC46
0.02,54,UGASJ5NO7R
0.03,96,ICAY3EG1F0
0.95,79,OGKU1FSTZD
0.19,7,M0M03TC2LK
0.27,67,NMG7B8FI9Y
0.17,55,MSVF8Q5SKI
0.85,15,W3IK8YZROY
0.88,1,33HCMWL3XX
0.14,58,3MZ3JCFO28
0.15,3,DMK54KGMOO
0.93,80,AR8F6QMHEW
0.67,65,HWQ8SI81EG
0.01,27,O94XOLLDJ2
0.88,73,IK25VUYIJD
0.95,75,XIJKIOWKDU
0.95,10,PVL5C5L63S
0.53,59,4PXOXOR80N
0.03,21,J9OFYIWPU4
0.30,15,3B968HAI2M
0.07,26,DTXL3A72AA
0.37,22,LNPLICGH5M
0.60,36,2HVYWH2WOR
0.57,3,854DLVF9F0
0.83,35,3KPDY4VPCV
0.06,79,OCZZFT80GB
0.22,13,Z460M6VCRH
0.62,48,D0EQZEEBJP
0.72,85,YRGIQ686NZ
0.47,90,WMSZ4JRZ2N
0.55,18,SZTLNF3W6O
0.72,26,S0OS0R53CJ
0.83,90,UAMBX5F2AF
0.69,73,EVMVLI1XOA
0.12,91,D8T0WMXPKV
0.23,67,MOCRCFGAEC
0.35,35,2Y2HFHLZ80
0.39,14,1KN94GLY54
0.20,64,JR1P45RB2Y
0.68,37,I4NNZ39T6A
0.36,97,D6U99JB0LT
0.25,35,0K52GARUP2
0.04,15,BGAN8FHCAC
0.39,35,7WYG2H951C
0.15,35,I9NMFH5P13
0.12,30,156VTQEYPU
0.05,55,RB15L9DSGQ
0.86,49,DIZA8YCZWQ
0.95,76,II8C7DHV0N
0.34,51,IWWFQ5I6UX
0.58,57,VG7CQKHJ8V
0.07,70,VW87JYUH5J
0.00,28,VE13F2DNNY
0.21,47,ZQLBGZTSPI
0.66,80,4ARYVDLG7D
0.22,65,TDFY11YWHR
0.84,15,G9PMCRB8IK
0.61,63,OBLFKNHRV6
0.57,73,T27R4BG9I7
0.90,30,D20NG1S8DW
0.45,29,H5ZASVQKEI
0.78,22,VJZZZCH1SK
0.83,41,4RRNS7BAD9
0.31,95,6JK0F0XX23
0.19,13,1ANFREIM7M
0.29,45,REIB83QLM5
0.97,75,QI37ILYQ8W
0.07,92,IVDWBERGY9
0.49,31,N0IB2MWGNW
0.81,94,6FYWCUE2JO
0.31,63,P9R7BAFY4Q
0.89,86,U36SI7HK1O
0.21,35,05XSHPQEU8
0.61,17,HIFSRN8L2F
0.56,79,OHPDVQE8K9
0.31,35,MNOS9HFP4N
0.78,54,U1JZFJ36RH
0.55,91,6H9GXOFULS
0.70,49,2IK3INPKAT
0.55,84,6TC7ZGQUU4
0.98,6,SWDUOSFDHW
0.22,0,2DMRLG2BCA
0.42,2,ZEO0G422KR
0.28,36,CAS40985VU
0.51,10,A9S798A8Z8
0.59,22,0ZU46ZB4OD
0.53,14,ROVRMEABG4
0.53,43,E6KS3ARO05
0.81,7,JOO163V8Y6
0.14,28,Y06B36JOVW
0.63,30,FC2WTZDHLL
0.45,63,4IS0KY1XC4
0.58,36,6UC8GFPAQ7
0.41,59,LGF5QD02LP
0.02,76,3FO9DBYHQ0
0.97,54,5TBRWVKARF
0.31,13,4KRSSGL95F
0.07,2,T35JSLT1XZ
0.19,36,KS0XHW1T1J
0.03,43,6YT2U5S09O
0.60,39,XQEFGGNG7N
0.79,76,OVVNISZ7XS
0.24,86,O5Y621FCRS
0.14,4,SLKIPP7LLO
0.15,31,XVVYM8ISS7
0.45,26,C7X5LS9JUT
0.61,55,6E3GLDVQ25
0.44,26,EZPJC36M5Q
0.01,53,64BPZF2E1I
0.30,12,A229UYCDUM
0.54,96,N1EYL9KLRZ
0.27,31,P0204X0L4L
0.73,56,4YASDGZODT
0.08,6,C7RNDVRKEQ
0.65,64,FLC7B5B0PX
0.31,59,M42WJ5N5LI
0.48,53,X7HDJOAUAU
0.19,72,KHOEATSWKO
0.98,86,G0STCY8RH1
0.64,5,A0Y84UV19Y
0.26,95,G1A94LKQEU
0.42,13,AS3KUN37PK
0.03,20,IM7E507E35
0.98,9,904YJYY9PY
0.15,55,CR1Y9K7Z5X
0.47,21,XCDZ6U9PVB
0.28,58,KV9V3IV3HS
0.67,18,64KZOJ5OD5
0.97,62,71YN5STJAI
0.88,88,GYQCNL57NW
0.10,72,0I2PJPHP5Y
0.68,54,1XDVI9IA67
0.05,16,AUOOTEO488
0.18,26,3D9JTOEYR5
0.85,66,PCY0Y62A68
0.34,16,V4689L0V7B
0.20,93,N5MF7RLTVX
0.03,7,YS22FMYETF
0.86,61,5IYTTQUKUD
0.46,58,UCG08CBLT0
0.89,81,LACT3BNP5U
0.94,0,S6LS32WJ98
0.39,44,DEN6M5JGNJ
0.06,23,SBHSWXUD6W
0.71,55,OTTFD7QV98
0.74,36,OBUXICTBUG
0.01,62,KK9OEVIP9C
0.68,2,8BPMRGAUC5
0.65,56,53UOISAMF3
0.75,40,EFELNZL7BH
0.28,20,6X0IGOFTLW
0.65,76,ALNUHL8CXU
0.91,88,TAXYW248IF
0.78,85,SL2HU9FE0U
0.09,96,OLXML59DO5
0.02,1,5N8IR5MEE9
0.72,9,M5I9OOJTR4
0.81,9,SEFU5G1RKJ
0.99,81,H0YKJZEP01
0.18,40,QA9KNNRDQ6
0.04,45,K780FM7NT2
0.19,44,991M99VMDD
0.38,94,EWIZS1QK47
0.92,28,1R6ZQ3ZYFH
0.14,41,S2XZ0T4OZ4
0.85,11,8D9TWOSKPV
0.80,37,Y2UFM78ILY
0.88,33,XKRDGN8CWI
0.98,41,IA2EXA9CLT
0.77,37,YR6Q3QXY2Q
0.38,46,6O232C5IM8
0.02,20,4FXFFJX44R
0.99,67,GU3UXUPYBQ
0.50,7,GT3K18I5NG
0.42,66,XEKAV4XMTY
0.83,18,9NC1TVOHQM
0.35,49,WNNWIX8CQQ
0.29,52,MV8S2Q4VIU
0.10,82,HOPZNROHHR
0.54,38,FNCWKAJXD4
0.61,49,WLW0XCHHPB
0.17,24,5HDMH6TGIH
0.06,15,DDA1WI343W
0.47,92,SRNC2VEZIF
0.71,75,QDC1QBJLDN
0.74,90,Y6YFFGORLC
0.72,57,140N5MOG8W
0.49,84,VQPZC4U1RJ
0.38,67,BNHUJCZ9AR
0.54,90,N28QBZPLMP
0.09,96,G5RQGLSA1X
0.92,56,JP1YLI9UZS
0.60,79,SEM5Y11G0E
0.81,42,2H8ZCLTHU6
0.90,45,CJLMVKY72I
0.00,73,X7O9TQSL5W
0.48,91,C2IFMHMTSN
0.98,51,V6254EG2M5
0.36,21,EYCJXM454C
0.29,25,NTI8EIEM4B
0.78,41,AKWWOB7IRA
0.08,76,CNX3BVL0WR
0.49,61,Z38V6FY6AE
0.37,56,TD9FRW42JC
0.48,6,D2FKZLURZF
0.45,89,W4FJN0LS3Y
0.26,51,YR9WSKV7LX
0.95,95,6A5E8PRKEH
0.71,60,BXLPRF5J4M
0.44,89,6VA4PH1HTB
0.94,43,RRJ11RC96U
0.60,10,C1JKYOLSKY
0.32,48,42L8VDMCBF
0.99,2,GZWAOS5MGY
0.54,98,CLAIWUQV2G
0.67,2,AK7WR45TZO
0.23,90,HAH2WG1MTZ
0.42,85,U5VQ4OZ63F
0.43,77,OY3ZL1B3ES
0.83,86,HU54MBZNRK
0.72,2,LLLWPKB7GP
0.06,46,WDYA1NIMHV
0.97,37,SXHTHKPPCH
0.39,37,BJGDKD9MRA
0.66,82,5ODAHU3RJW
0.92,56,EF3JDJ0E9V
0.15,90,BZY5E6G21K
0.11,93,I1WDWCQ6BA
0.36,54,HL08PTRDDG
0.80,77,9KKGRWLTS4
0.84,45,TAX4DOE28I
0.05,24,AHYQNDSEH0
0.79,62,Z7AC2YUQZ3
0.26,69,OLXFGVN9QY
0.05,93,P3IYHFOH2X
0.47,78,PS8H1JTCAP
0.84,78,T0J098PY8Y
0.94,74,L3XI0W04RT
0.23,21,LX8TYMC6OU
0.48,94,RZJZU0S2I4
0.49,11,OABL2IAH1X
0.69,2,16BRL5PGKA
0.47,59,C58ITKV4J0
0.62,15,HM7SB84MOP
0.40,81,0AXE7IJSEM
0.15,95,6OA9TZHZM6
0.19,66,UF35JSIA40
0.80,27,Q09F8WWUHA
0.89,47,Q30AHT6QKC
0.53,92,9C40ILMZU7
0.90,82,9XCY5PJ33Q
0.20,44,JA80GOAF11
0.88,72,LQP5Z57S7Y
0.32,24,YGWT2V6C0S
0.77,37,JP08FZAQT2
0.35,16,2GAB93XBMD
0.35,55,7XR5MMVIPO
0.72,88,14Y3390GL6
0.06,53,8BJ5FUYVA2
0.59,46,J5KMGPJEX1
0.31,16,I645WWH221
0.26,37,WOKR5GYUEG
0.26,66,8VDZWUYB8Z
0.66,64,IODWLJCM4C
0.57,45,KGNLQKAEVP
0.79,34,BAR7RF2T42
0.41,62,BE5CLIAN7V
0.85,2,23FYMTHGO5
0.23,37,M005WB0YQP
0.59,17,B66NNMQ243
0.76,23,00ZW5INQBJ
0.14,97,XQ8D62D9ZE
0.02,50,HLEJOGELL8
0.17,69,6V2NG8041Z
0.48,77,I8ABT12HXX
0.52,12,R5UKHSUASM
0.42,52,YCGAA0J2PP
0.87,73,TEE3V3ZXLJ
0.60,92,NAMDRSCFRI
0.82,32,KN3MAV4MCJ
0.20,85,S84C9I699A
0.64,1,AEJS9Z0PPB
0.28,38,CN5LV92LV8
0.48,49,U714HEW2OX
0.87,48,FME81MEPIS
0.05,99,XTCHXW9QG1
0.64,56,5GXFHO7D3N
0.36,18,WJR1Y1A3WY
0.42,51,8IT6YEIIWJ
0.52,23,4MAMDJUUUF
0.84,43,ZAHPTC0E5X
0.29,4,O340K52VEJ
0.28,71,14PTDEO0DQ
0.14,52,0Z9OLMO51V
0.37,81,GK8UH01M0P
0.39,11,NL45EN067F
0.77,16,0SS5TFTJBF
0.51,67,XSWS0N5Y7P
0.38,12,7M63QLTCRQ
0.67,85,C0K2KMJVS8
0.69,5,4EW38M6DTW
0.96,50,K0IXM80H9H
0.84,55,7KGZ6V6E7U
0.94,58,2IRP5TZ4U5
0.04,86,8UNS06MQO2
0.71,43,YYMN516OT8
0.22,62,LRHFRPU62V
0.40,89,B0NYJQUGN3
0.59,48,0Q4LPGYHZG
0.47,16,8DDG8BH15U
0.47,63,0Y7T8P13KD
0.70,72,GVHZHEKP5F
0.55,12,SUS5LL58UY
0.26,47,VK02QIVI7F
0.97,92,YUSNVA7W3P
0.80,52,472I6Z9DZO
0.31,66,KTOPEK0EVM
0.08,19,SWV3ZNI11H
0.00,1,V7TEUR3U10
0.84,83,VPM9OQQHU4
0.64,9,6QRSKF5CGR
0.75,30,W9WW4P6HV4
0.64,91,KUMCFKX3LN
0.35,36,01KXX8YWKT
0.31,14,RSVNGUGPDX
0.10,38,JTJROKT5RN
0.37,9,1HX1KAQ5ZP
0.85,90,FM4SSWNILC
0.43,99,4HJNLOHB08
0.92,42,RASDJ1D168
0.02,31,JHA0W8J5QB
0.84,42,3Q9OAITDG9
0.59,22,ZCS1AD7OWO
0.67,80,CX4NW54WKC
0.20,7,UYLE49V9AW
0.42,79,8H77PTTEF5
0.13,53,GWGMDVX5A0
0.36,54,5B6O572F1R
0.63,80,F20Z57E9F2
0.95,5,ZOIHKYAI3L
0.99,7,8OWQZKDHMA
0.60,5,B9HRYWP2HE
0.01,68,DDE9A020NN
0.86,15,7NWV9M96S7
0.52,88,R78C0U7QMO
0.55,70,I332SHQEYF
0.67,16,BKW4EJ7733
0.28,81,0GZTFA8W8X
0.66,53,OO5820A7RZ
0.26,15,1ZEPHLPFBA
0.26,17,HOT14G4HZ5
0.90,84,6F2NUT04PZ
0.72,85,MIBG6DCP2I
0.30,34,YTZRI7F4OG
0.77,25,E3I4GJPKCM
0.20,95,WNW2P5W912
0.03,79,ASMS9A01TT
0.61,13,HECHYIWHXU
0.96,80,AB85WFW0F2
0.18,49,6SEFQ5M4IZ
0.17,38,OVUQQKAIG2
0.11,30,77ZD5J9C3F
0.03,16,PVOM3N0DWB
0.50,24,DC316K0JA4
0.37,75,7ZP0QMQE3M
0.37,91,VH3WXSKBEJ
0.68,16,Q98Q9Q1DEJ
0.41,59,4P4GNAQENZ
0.57,35,ZG1XKNPVVV
0.01,42,MIZ9TOOFJK
0.93,60,NZBEOIECY9
0.13,28,YI0JBLZE9X
0.37,30,5CDD4BOTM9
0.08,47,V8KPKFGWS9
0.24,87,W97DTOZDTN
0.27,46,4VW0C3SMMH
0.62,37,9248VADFA0
0.92,85,6YLPACP474
0.38,52,MX6DDS9KMZ
0.52,92,FFI9FPHMEP
0.04,77,7XOLUMJ5KX
0.51,58,JL97JQYOC8
0.52,33,YU9S0EULVW
0.37,59,GJYIQC8JOJ
0.23,4,9GQ4UDK42E
0.49,99,CKYSZ6DOZF
0.25,11,4P2PPLKMC6
0.53,56,7GLGND1SIT
0.75,7,OP502XE1VZ
0.80,95,3YN4TZE528
0.18,66,I6ZBOIOBBQ
0.00,95,0DS52CJKD2
0.04,40,W1A2SLBFBP
0.24,80,70K9XOJRB2
0.97,82,RIU8V5MU9P
0.62,85,QNF6U5H1GD
0.79,48,PCVO757KQU
0.34,13,0HW6NF6P3O
0.16,37,AGSCLSE1YV
0.10,13,SS3MK43XR8
0.97,81,KLPJVPC1P1
0.01,50,BACYREIMU8
0.59,82,MTEUCQ5ZG6
0.36,57,H0ORN5DNTP
0.30,83,T8M0PXW5KH
0.34,39,0ANY96TSV0
0.04,23,8EWDHMQJIH
0.91,6,ICO1TGSYCN
0.89,35,CMQA0RRU0F
0.37,7,YK25OI1WN8
0.42,80,QFZKYBMTPC
0.38,78,GS1761BAZ8
0.54,38,YRPB6YK862
0.28,48,X97XCMI5IJ
0.51,77,R3FCTOJ17D
0.29,42,N5BH52QZEJ
0.74,6,YO13TF4SK6
0.99,39,ESEHTN596H
0.91,61,1H59A3DJHM
0.34,94,163M3711PD
0.30,96,OAOQELMOXF
0.25,32,AXENDOGAWG
0.30,11,NFI4URBQVQ
0.41,0,RBHHYDEJMD
0.41,15,1EJ1A4PL35
0.46,12,D0KYY40TT7
0.81,70,N9VLKAKBK6
0.48,93,11UVVBO47Z
0.62,24,EZJLQ2G1KN
0.74,62,FLABDZI8CU
0.61,93,OXT6JW30HB
0.45,1,NLKY89E41Q
0.73,28,SOJGLDNW0Z
0.86,20,IBTQ9SMY4X
0.61,46,914W2LDP2H
0.25,1,8VZR50BNF6
0.85,62,8ZTHRQ50BF
0.17,6,VVQU7H4NRR
0.32,7,3SOA201SAI
0.21,95,KGS46EV0B4
0.69,84,Z3SIZ7Y46Z
0.82,2,7NF932PEL7
0.59,44,7FW81LJBBV
0.33,5,B6H9EYC6JD
0.22,81,J2DPV8F31S
0.52,14,6AS6RQTSF9
0.70,21,WE7E3V5ABH
0.86,92,5Z45UX2LYR
0.16,61,QD8LDFWIGE
0.23,29,TVLW4FW8SI
0.48,70,FA3ECEK2XH
0.68,19,0AOB4RJVNY
0.05,32,AG0CANK6LJ
0.60,18,P4TH4MZXTP
0.24,67,T00HNMHXGI
0.86,62,J70SX6HMKG
0.83,41,Z5VGAZANWG
0.31,52,CJWMR8TZ73
0.39,66,SWSUYUTQD4
0.15,17,V59C3141HC
0.55,3,3S0FP3AF1V
0.78,6,TCCBKO6331
0.14,82,88IYT0KH26
0.23,86,SO2CR3STYG
0.50,25,QRQW7SCYO4
0.01,48,ZTQ888T29N
0.11,53,NUMJV4RC78
0.35,10,KUEQ5J1R6E
0.18,30,706FOM5Z5Y
0.31,9,KYTC9BJZ5F
0.29,11,K4HHXVIAE8
0.98,69,75OBJXHG07
0.63,81,23A3LQ6JK1
0.78,64,0V0W7F94SQ
0.86,72,3RBQCGSB4A
0.58,65,IEYJ4PTOL8
0.47,74,WXZUWGI6KY
0.12,57,4YBYT355C0
0.11,70,ZOINV2RX8P
0.27,69,TEU04N16KA
0.78,56,62ZEHW3BTC
0.38,10,V3YFWWJ1R8
0.43,62,CKPIIV24SK
0.01,64,8LAIBEUUAU
0.80,6,A44R9JJUKR
0.25,9,W15LZCURA2
0.48,71,WWVSLKFKC2
0.31,25,VUOMXTH2PF
0.43,56,OE6BI4MDJX
0.83,31,LEDODKAZK4
0.60,0,1D3KZ2I221
0.65,33,3Q14L06EU6
0.52,25,T3WMUYUREQ
0.02,93,TYM0W2ZEM9
0.41,16,08YCH7Z6K1
0.50,80,PUF16KC18Q
0.63,1,83ACD5MT20
0.72,8,STMGV2XP4Y
0.65,79,CLITJ2Q8F3
0.58,64,O0QWOO8P56
0.66,97,MRNVPSSXSO
0.29,95,09V38MT0LG
0.96,24,1FKRUIOB9H
0.08,31,WT9JOK30A1
0.53,51,2VPNYJG1C7
0.03,69,9ZFGBV66ZF
0.04,62,20CLJGLOFH
0.48,4,KVYHM8HY7B
0.77,59,21JS0ERVMP
0.50,50,Y7C3RUJAJN
0.68,56,QK18GKZWLO
0.45,79,9QBX9WACOA
0.19,87,1KSB8KK2W2
0.19,27,ZVPJGSBW38
0.25,97,I2ZCS1CITF
0.53,9,AER4HO4NO6
0.02,24,TQM1RQ6HDN
0.74,29,4X0S27SI2D
0.40,24,1I4OTW6FVC
0.13,47,3KYN9CRU5P
0.47,96,76GUOK4FIP
0.49,34,0JIYFUCZG5
0.17,20,NK7GPN3NRG
0.90,86,5UWNY2SYT8
0.47,98,AHCQ4Y9B4B
0.35,56,PNCPD3FXN7
0.91,12,WJLA5UT0EH
0.72,17,BWTSAVEM2C
0.92,77,FLVV7OOTLZ
0.14,41,ZSY9KMV1KJ
0.51,48,3L53EJI6P2
0.93,74,7F6BOO2JHW
0.96,52,RCRCZQ6T1D
0.73,65,93L3NGBHAW
0.22,98,8PHZV3C88L
0.10,50,0J5DYYITZG
0.66,30,3HKAW18MC1
0.07,23,PF85WX5F0S
0.98,88,YU8C6NXPPX
0.56,2,D2DSBI3UY3
0.87,91,2C76Q67G78
0.29,66,0ARRVFHAPN
0.38,16,5KOXJP64J7
0.78,75,99QRTWXDE6
0.85,40,F4OFOE19OZ
0.73,92,A289YMMA94
0.10,22,30IF6TANWQ
0.58,98,S60RRR3Q3A
0.06,28,1K3X6AUJPZ
0.84,62,MFEL2UN6GU
0.39,86,KQFKR1TMPK
0.25,45,0NQ6W5GEPZ
0.29,93,3LLN060VDC
0.38,48,0Y83BYOS9E
0.31,67,GDD6WC3QBB
0.94,55,TQQWZQMFNI
0.97,15,ABE2W1MGTV
0.12,9,UCPL8OIV4Z
0.37,33,XXGTOLDN9N
0.94,56,9G5F7CKT9L
0.36,58,S1O8XR3SUF
0.24,12,QSVWPQR2VR
0.77,0,91600XCLD4
0.15,0,SS61UNDY7Y
0.35,11,X2KMITUXVR
0.84,44,83ZWKIF6WA
0.05,97,T76G6FZLDO
0.35,47,N102MSN4QO
0.27,83,8BJ4YUT9JW
0.76,24,PXV9ZLHHMM
0.13,86,B7ZAEBTTHJ
0.16,76,NU7C7S1L7C
0.96,5,GSIXQKA4AV
0.70,5,18NUZKPENL
0.07,73,L2BHBNV0L1
0.81,43,M5CCIF0F9D
0.17,51,1YNJ6VOTI6
0.21,69,5QNMPNXS4Y
0.61,81,W3YZWBQOCX
0.19,15,UA8R66MG4O
0.27,2,BRD82FUQ1K
0.12,57,X6WOOZB3PE
0.03,76,0H7IDYLNRL
0.12,79,PCLFCC1JKN
0.37,79,W35WH6KJUJ
0.20,81,JWG5PR94AD
0.21,0,0UN6759B1O
0.33,44,XA14F4QSVF
0.67,49,T0K25RFND3
0.89,27,H8IDVLFRYW
0.36,65,8TYVQJAWU5
0.49,0,1XXPK8UAKM
0.03,89,EVFZDASRH2
0.69,72,53KBN8VH1H
0.68,17,BOQNPB0GQ4
0.52,20,DT7K03X8NY
0.57,39,2993Z8FV86
0.39,59,H6W4PUF0BN
0.58,96,L3FO7PLEO5
0.42,57,8WH4PFGGKR
0.23,42,VB04KK6HRD
0.93,73,VSDTTRN5LW
0.98,24,RYI2IBPNQN
0.93,53,M1EXJYJEJH
0.21,47,9OYBU435V2
0.62,42,OSIPCTE5XK
0.37,16,UP1BAYUM11
0.00,56,BRU6U3DJX5
0.93,64,7ZB0GP1EJX
0.31,4,CQH4AC4MNV
0.43,26,PVQYKJBNSM
0.79,20,I0KMZJ1R7F
0.00,1,E6HK4PZVQA
0.36,33,ACXTCUVF0X
0.88,22,0U7TSGN3CJ
0.13,80,I3P3YBWKQF
0.05,67,Y7050XE40Q
0.27,95,RB3QX988P2
0.86,16,LM9J9LE0E9
0.95,38,23PF1OKE2M
0.30,41,IYPYR5NJGE
0.61,71,0VIZPTKOJ7
0.76,25,W1SI86QUVD
0.87,92,3N9DXLXUWR
0.63,41,AXJ44PTT1Z
0.52,47,4EYCCP3AFP
0.78,90,E333S7E7J2
0.84,14,QSFNH3VH28
0.37,49,OXI7IA9ZPG
0.68,94,4XOTN47YX3
0.10,99,MJCBDVAZ4S
0.52,77,7C1RN4BTCN
0.10,47,I9SHVXNEBZ
0.60,15,Q0IFPIGSZQ
0.93,78,O0DH6V4P4I
0.72,2,68WCA1LB7Z
0.17,35,ITSS51PR71
0.75,82,JQL2E9ZOWZ
0.52,17,Q0NIKWK8TW
0.08,95,M86YXZ2ABX
0.45,36,76SKKGYLQU
0.91,64,YOJZCB2EJT
0.31,54,XKJNKUA3A9
0.88,41,HSM7MVTXBF
0.79,49,DZ8FJAG33L
0.43,97,ABRV6ON65G
0.25,52,TIY2KYP2MB
0.93,84,5U1YPC0VG9
0.02,32,QV3BCDBA4D
0.37,2,DSV6JJ70YL
0.59,99,OOKCOYZGQI
0.88,13,9GCWJ434MP
0.98,51,PSJE6UML40
0.67,26,H2AHWTGSAN
0.40,87,ZE0RWYW9TY
0.82,14,1P9P659AA0
0.70,12,5ER8CF3ULM
0.02,50,Z21FJ2IBHH
0.72,75,POC6W292KT
0.52,2,QED48AQQDW
0.06,78,2DQUG5EPEV
0.92,35,IUBTDRYPRM
0.42,73,E06DSV5Z00
0.02,95,9VKGX5VSP6
0.21,21,YZ9O9GAHCN
0.77,86,LZYWSSXX9M
0.51,85,M8U4MQFT1I
0.82,82,9TMV8UWHJL
0.56,86,OYMO5NDHZS
0.97,76,I424AGT89S
0.07,0,P4MIPTL426
0.90,49,X0860RWXYJ
0.68,54,R47QJXVYN5
0.88,10,G9XVZ740P4
0.54,30,UYOPXZZEFZ
0.19,49,06E412KVA2
0.55,30,64EKEK9H85
0.46,56,VRGC837Y5T
0.62,65,UHP8ECK3DV
0.67,51,NFX9L8JI0X
0.70,54,4ED9CSM4Z9
0.23,50,PBHSKC4HL4
0.27,44,L3FMSJ4BKZ
0.76,60,NAMWWNKTZH
0.40,31,RIU07HHMYK
0.65,24,XN84BWPQP2
0.64,17,MM0Y32CW7H
0.52,18,3XQQC7NG72
0.87,12,9AG3XMNWJR
0.44,22,V3ZZUJZKIJ
0.93,27,02NMDEM6FH
0.98,8,6EJVJPCFAU
0.15,17,3QWAZG1V2E
0.63,15,K21I7N6I3S
0.89,97,VJ2E069GFX
0.99,52,02KQQ5RBXT
0.77,28,HLQZEGQTKM
0.51,25,E4CFZK9GKY
0.42,34,ZUH4IPURXD
0.36,2,FSMZV6YO7X
0.00,59,1L9ARVKOGA
0.82,31,HHP02XRT1E
0.59,51,B9NPNUN0GL
0.64,12,A0GU25AVZV
0.97,24,GNC2A6UXEK
0.63,54,OJNCSM650B
0.42,3,E7LAB1ED8M
0.47,54,L1XRPLFXJJ
0.82,72,UKHJLTE15Y
0.45,41,SWQJ46CZFV
0.21,66,0D2OY4BB2L
0.71,89,SZOHVH9YA2
0.06,53,IJDQB1YYYS
0.30,48,FSQ8B6JG66
0.33,97,P0FFAS7XVY
0.43,58,ZAYI6MHUZF
0.93,42,R7WIN14FYI
0.78,63,BRBENK2FFB
0.21,14,3R0V6EAD8U
0.23,98,PUCEA9BUO2
0.09,99,ARORQMJZZT
0.04,43,5OWZPH4HQG
0.86,37,Q5A044O9H1
0.52,51,V3XJQSWKGR
0.15,22,4QV37WA5IM
0.45,57,MKNAWLLNY2
0.57,10,43N7C7G9H8
0.33,21,DK10HVTVFR
0.23,31,TDDHWFN2TL
0.76,27,NLX9THNW6I
0.64,19,C1GBYQT6DT
0.82,3,62ZWY8S2B0
0.18,24,5S2ZVHXTTJ
0.96,54,WSVJUVZ9D2
0.46,95,2IC2D1XQ23
0.91,57,P6I5VVXJ6X
0.52,59,LR9T47RH8R
0.40,84,S8LWCX56ZY
0.98,31,L9T2EJVUXJ
0.02,35,IQKDA3CIHJ
0.50,63,SRPAZYN2G0
0.32,97,W26U716PIU
0.32,81,4JIOLEK56Q
0.79,34,6INOLK8F3R
0.26,24,DDMSHJB4XY
0.45,15,I3FCX0528G
0.99,86,B9FZYMF6UQ
0.90,55,2SB6C10YQE
0.22,2,JLMMLUIIBN
0.78,31,RDCACMZ880
0.20,3,L4B44AB381
0.79,29,6G515L6HNG
0.99,80,8SILW50FQH
0.06,76,98UT1CN2WM
0.57,65,4QR9E26I0K
0.13,76,PCHJLQ10S2
0.26,49,2J0A15ONBQ
0.59,81,DUBAR8SCEP
0.88,68,DAX3FVTUT7
0.70,61,1TEIT8YRHF
0.75,34,9AC34KXVXZ
0.15,48,L95T1I9K3G
0.49,2,48YC7IYAZ9
0.44,21,J0MOHQBR47
0.63,60,DQPD5BI1YA
0.29,15,BBEN6MUU32
0.85,76,4PRHP7KXMO
0.64,76,SVAARBYFEM
0.28,39,REE3NRHZD8
0.24,10,71769V3AE5
0.86,41,OT218CR4KV
0.90,48,NAZJZFPV5G
0.07,22,9QL0BWM8Y6
0.87,45,I08LE4SKDW
0.96,5,EPHQZGWW67
0.53,21,AAR7DODAQ8
0.88,12,9RES1B6IGO
0.49,0,SJF9896UJK
0.18,41,FZYM7L1T2Y
0.44,23,8VWJYI3ZUJ
0.07,61,7Z11QY469V
0.45,59,WL4GFK95MU
0.50,28,SYMSW29K0V
0.29,36,D0AHNJXWKN
0.15,2,7J3S0K3PBT
0.75,91,EV3GOW2EWB
0.73,10,SFADQ0DPJJ
0.96,67,DDSI5XM7L8
0.11,18,FZCRWVOK49
0.07,77,CBQ2B6D8LE
0.32,71,Q3IAZNXD0P
0.23,55,NVUCL9S6BO
0.15,16,KPP5XKYIH3
0.00,68,ANQ35ZWG2O
0.33,9,4NQPHN8G0R
0.45,32,PH9SIYFAHD
0.60,73,HV1B4OJ1OP
0.09,51,XNQK653TFF
0.21,27,LZI9RHVW2Q
0.36,3,XH56WY7JXH
0.01,23,PIPEFKCLHZ
0.50,59,2J427TGTIF
0.95,84,H0606VJI27
0.42,29,N09TJ4V28D
0.77,86,WJS4X3GBAK
0.14,35,RJ5VOPMZKR
0.27,67,0XJ2L2PT65
0.93,60,3FJC7DJGOK
0.49,67,HO7E2X476P
0.55,17,RQM7TWNTKM
0.66,77,4UBYGNLX04
0.56,56,RQCF4DBRPL
0.07,80,N7TWDWHSPS
0.15,72,CM1WDAXUPQ
0.86,32,85QM7FEDQ7
0.54,48,LOOMQWGSYS
0.58,22,WR2IAG79CA
0.35,27,CU11SVNITF
0.76,85,3QFDKRWN84
0.91,16,UJ809RA6H1
0.55,33,PEYELDWN47
0.55,69,YECEYY9GNK
0.15,4,HTQU5NSE9L
0.77,43,LBD7OX6I3F
0.04,97,WYJ1YIVTP8
0.24,7,POAPUOEOSY
0.42,80,NQ7JMN4UW7
0.85,3,3AJHWU2C11
0.37,25,58WX66ZN2K
0.82,82,ZO48S0ZBVA
0.60,62,29WNXVO8NR
0.97,1,TELL3ISORL
0.41,6,9F95W72AW5
0.76,34,6HU1UIEREB
0.71,37,RM0VGAQ3OU
0.26,75,ESGWIRVT2T
0.42,25,PF7X1UC798
0.44,69,CQQHM55U88
0.22,67,3Q3UWA0BTI
0.34,61,9Y0IZJE5YZ
0.78,67,4OD1NSOT4L
0.08,23,K604RJS1F3
0.65,96,SLULYD4CZ5
0.04,89,HD473XYZJI
0.34,21,EEKBUUGM56
0.75,34,CK8BLQBX1W
0.36,41,7B3XO397D1
0.77,8,CU2AHA1PLZ
0.72,46,ZGFBJZUO6T
0.66,98,6IAQ95ABTU
0.55,6,VWT1H9ILTD
0.88,42,OFLPR7A3OF
0.43,2,ODO1FCM0CA
0.44,61,RIL2X8RKK1
0.62,14,ZPKTKN7VHV
0.14,93,YCI9MJ9ZHS
0.53,72,M68S8KQR5H
0.94,47,2ON8E8EQ10
0.50,73,7R5VPY720H
0.14,25,PBCXBH3THV
0.98,41,JO6FU4ZBR0
0.96,26,1WPNV66XDP
0.66,26,R2ZI8USWXP
0.60,87,4UMN62X1DB
0.54,56,FXJVI3QEOT
0.19,41,HJ6I1C0R2B
0.34,42,TN5ZB3NXGN
0.24,56,IRGO15SEJ7
0.57,20,MH4RTVRJE8
0.04,63,QKE68RKOCH
0.47,61,EMJKINRBYS
0.55,98,XF4YJWV6K1
0.31,67,0237Q8KMWH
0.08,88,FLWOHLJOMT
0.77,41,1GIT625CCB
0.28,34,57PN2VM923
0.87,13,FGA65RDRDU
0.79,13,6C6QGR5EE2
0.08,55,HG8SUGPKN9
0.75,23,OCXY0Z5OP0
0.38,3,RN5KMLPUGN
0.03,70,0ME84L2FNE
0.26,99,ZPR5EB5N2N
0.58,39,WI2JU48YIU
0.10,72,8QDHYL0XYF
0.60,72,XWUDO7TLG5
0.13,95,HDV68JZR54
0.68,72,6PRVRNHV35
0.67,74,C0TTP8127Z
0.37,54,HQ8HQERT2K
0.56,78,CLJUHWE0TE
0.09,84,ZPLLZD4RAP
0.22,24,ZW1GKXO67B
0.11,56,077RZOM0H3
0.25,17,5W1S3F8COO
0.39,33,HOGNL6B1DJ
0.66,83,CZ6DLALAK9
0.63,35,0FWY4X16AP
0.38,53,EZJ65QPF7B
0.26,63,D51FJNGEG1
0.01,81,9ZPYF2FKFH
0.37,2,56T2OX33IE
0.57,37,7M0KFONHB2
0.27,28,09EDSD91M3
0.85,95,EJQNZN521L
0.45,89,FL07F57A58
0.47,20,P7ULF56014
0.30,28,58VZ2PMMOW
0.96,3,40VKSOKLNZ
0.69,4,PAO5J5ZBCE
0.35,50,98QQHEVRNY
0.83,67,0CPEXEIFQU
0.37,72,DGZUUTZX2K
0.81,12,ST3ZENCYV8
0.93,65,2LBKKH4Y83
0.16,94,5XODJXIVOZ
0.11,87,CLRT1MSLFY
0.76,67,9HM2DEN6VQ
0.60,61,50Z3FNV8G2
0.44,56,AUHW13YI0T
0.81,6,YXCSNR54RF
0.27,36,3E39QED95E
0.86,7,X7OLJ93O9L
0.35,48,G8I5NAU908
0.10,82,XZPGIFU0GX
0.82,33,7DZ3I84QVH
0.81,21,8L1WBO2MPF
0.01,78,YWUYD6TR4K
0.93,96,07GDEJP80Y
0.81,68,MAICBADC4R
0.43,39,ST5O4A5SD8
0.78,78,8FSTPDGLOI
0.35,88,Y43P9FH1KX
0.78,62,Y1972YMFK0
0.45,65,AQU2AAGP5R
0.42,0,8YSSUG80CF
0.27,80,4A1N6U5PX2
0.02,62,ZUT7NT7NAB
0.41,62,WUZPVFMJ5G
0.75,42,LD4FTRWF84
0.79,68,VYZ6ORPXVJ
0.69,84,HZ6LJ1JCCN
0.57,84,S9S7OHE04Y
0.81,45,4Y736JANQF
0.22,60,GIWUVGJJMI
0.39,2,BDI6PKC46P
0.57,43,WUJUU627QE
0.21,43,IBR2QMAKP7
0.16,91,63MFF9S5LQ
0.58,12,2S26PQAMAZ
0.92,85,3VBQ7SK18T
0.80,13,Y07MQZVQEC
0.51,3,BICEVGX12H
0.33,58,82VAIH8LT5
0.65,15,PEJLOR6WYP
0.32,27,J2V47H00I6
0.83,24,FIF1V77IHH
0.04,55,ELVYGVZXLZ
0.92,33,5KX55PY9LT
0.66,18,3TSBV02H3O
0.96,49,DOTLR6ZEGR
0.00,2,3202T4M6SL
0.66,90,EVYIMOO69T
0.86,76,MNC503OBEH
0.16,79,G3V80YCGXO
0.86,69,DEV6HOAOQS
0.01,58,82HV7WG5AQ
0.30,6,WCNTRBIQFX
0.24,9,FHSXRWPWO6
0.57,8,ASCSDIIJPD
0.76,96,UV54A9I19S
0.87,1,2DAIB95SNQ
0.18,16,0Y2E64YK9J
0.11,53,3EILPODBC0
0.06,53,HFYSO2BBE7
0.98,52,T11IT7QW7P
0.26,50,BDEL9NKH7M
0.05,8,QPBNHGU8IH
0.64,15,2317BBEG60
0.43,82,LP6WH4HZTO
0.17,18,5JINMK2CAT
0.16,52,GA3JB7HHGM
0.26,96,CIHK1C9UPA
0.30,41,TOT3DB0ZCR
0.87,13,YPB8NR3MKH
0.17,64,O8A2C221IF
0.10,74,HGC9UOQDQZ
0.14,16,0XQBCGG81W
0.07,63,WOIB0BVSSO
0.62,19,9OAKHFKPAQ
0.06,38,S2V5T5P451
0.96,23,58ZNTRF29V
0.00,4,0US9P8SSVV
0.12,25,ROICKW5N67
0.40,42,W819CM2PEF
0.21,46,H2S8LN7SU7
0.79,72,642YDAUCT2
0.58,90,39ZHN6CL3O
0.20,48,XKMIIYO5CI
0.25,41,XQRBTL4ZGH
0.25,16,22QTRIXA2F
0.81,20,83ECQ251DM
0.27,8,A9ODSWI8SA
0.33,16,M38G0WQ9SC
0.31,22,SUL5SIPZQP
0.25,21,2W9EMVRR1J
0.63,61,1I30XHEKLZ
0.25,34,JV052B2F4V
0.48,9,3GBD60SG8B
0.98,42,HP9CE9D3BK
0.51,81,HZZ5BBWDOT
0.93,83,Z9EZ0G7NU3
0.06,30,VTL7GX2SDP
0.79,19,20T238MCML
0.66,85,N2RWHNY93Z
0.30,60,2Q97CZNKXH
0.71,21,YB8T93Z653
0.98,81,BGK5T09O6B
0.47,35,6V4HQMR9LQ
0.01,47,KJHDKOAW1Y
0.66,22,W1HLL2KZ60
0.53,18,QXKCWADHOD
0.10,22,1HO40PT5IF
0.01,33,KXTKBSVEX4
0.77,3,GVSW8Q5LG4
0.72,91,3886Z9DS76
0.56,75,572BW1S10V
0.10,72,2B5TJ2IK3U
0.67,71,9SX2U301WZ
0.65,64,O3NLU0JFCE
0.62,31,9XLFPRSYIU
0.43,59,T69GFI7EMK
0.47,32,J6J28YJI34
0.56,49,PENH9PE198
0.22,35,I8WQLQK70X
0.24,33,U0XGGRVQDJ
0.98,20,8TNF8L6TNR
0.67,35,MDTUBUQ6R7
0.41,1,J71K2KZG8Q
0.42,83,FQLRLMCSZT
0.29,60,WU4L6TAR54
0.51,31,WVE28TSG2S
0.90,49,GL293JEQL8
0.30,1,E25JCJBTYN
0.20,24,GTN65OL0KY
0.09,25,JQZX0F73XX
0.82,66,N6TMMFCAPI
0.85,32,4PRZZBWJ6X
0.90,32,4IES14OUDB
0.50,17,N5SFT0BD4H
0.76,30,MQDAZS04T4
0.92,77,RT4GRPX4AR
0.57,78,A8OSIL34JW
0.18,61,WYWH72PBIA
0.76,61,2A21GUHTA4
0.09,47,SN3XR1O96K
0.42,75,XTSG4EHRH6
0.85,10,5722HCM6D9
0.92,79,YMH9V3C6R1
0.55,91,YG3ZMG8PDH
0.59,96,VAX1AJ8JWQ
0.48,31,IENKOA91YF
0.02,98,AEAED4X86U
0.05,95,A7FNOZSGTB
0.69,52,HQ1A86P2WC
0.25,90,IKSP9JX6JZ
0.58,62,ID0SEHXUM3
0.35,0,BPP8CGFVNV
0.16,23,6X1GOCCOAR
0.71,87,PN9Q32A01K
0.34,5,0E3OI6E9V0
0.23,78,I2C3RF6TX6
0.82,54,J4KVHC5QE9
0.78,80,NDKY7LJW1C
0.11,41,SS124UJL18
0.46,28,IOSLI6OWT0
0.56,50,FWQ8MFVXZE
0.27,60,SQZVO39JI6
0.26,33,DMJM6LQ2GW
0.14,66,YCQXQ7MVM2
0.10,26,7X5Y6USJVU
0.05,30,XWIEQAHGR3
0.66,89,BDNBFQVXLS
0.99,79,1LO0ZOFNUD
0.58,1,RE19HWGMMB
0.48,6,5U4R91QFXD
0.88,60,LU2NAZQ3PB
0.33,56,WJH2ECMVTI
0.59,69,C9LXGTTLF7
0.21,15,TRQ3T0HHMQ
0.81,3,GKPTGBEXKF
0.42,83,KAW45Q7TKE
0.00,8,8N49DOV7BD
0.95,54,F3MM7WUF08
0.42,81,CCE0WQIZN2
0.97,26,LQ9A9FARVH
0.05,50,M23Y2MNIMN
0.56,92,29NCG0JKB0
0.53,18,U0HGNMJ8XE
0.60,3,YKBGAP2OD3
0.35,98,YFP4DI0WR5
0.42,8,FVKHPTJD8B
0.52,76,PC68XFYPLQ
0.70,55,0B55KA8AE4
0.65,59,I5UMGRYR9A
0.96,93,AW5GECYMFY
0.50,69,PJZM8INPYG
0.99,24,LMB3PDTH9F
0.82,34,KX8ZEOEQM3
0.11,27,QXS1GNMUZM
0.54,24,TMENLTDJ9L
0.71,83,A7A89VHZR1
0.47,78,NT2J2XI16Y
0.24,63,3D0LBA0E0S
0.03,67,8ML1BZQITO
0.63,25,7L7G2IAOJC
0.04,41,O1QWDOLJD5
0.67,42,WDJI1MRPRK
0.69,39,2FTF43PYQL
0.15,32,NOA2F6Q1L8
0.89,15,9266E4L607
0.31,71,ILP083RMKV
0.44,38,VNOC82HHKR
0.46,40,SEAPBSSPDU
0.87,32,UYKLK7XJIC
0.86,76,PXYYUCYIXR
0.21,33,P3ZCFTGNL1
0.54,75,TTUJ289KEI
0.71,61,O2BZX1P3QE
0.55,49,OEOPC4M68K
0.70,41,U4UYLVD53T
0.76,45,J2RJTGZENT
0.55,70,HNFX3O1QM8
0.32,21,GCLMD61NPF
0.92,8,1IMT2VBSVS
0.31,53,CGVQ183CSZ
0.28,74,JVA034FU0D
0.35,16,42ZERPUTXQ
0.78,70,J4IQCDBAKA
0.47,87,RPK469QHFP
0.45,52,1PNV1B4HM4
0.02,93,EALN5CMSPG
0.59,5,645QXLUASH
0.96,10,P4OO2BUCGN
0.56,80,0AGHATS07F
0.54,59,5IYMJ5OAOV
0.74,80,M5YTJ9XL4V
0.19,47,0C077XOQOL
0.05,85,TEUWLMP802
0.33,95,ZOX932Z30S
0.33,49,OEN7H9D1BG
0.23,64,AQ6LYBIHBO
0.40,35,J7U5U296RP
0.14,51,Q8YJPQYZIT
0.33,23,W7MMS5Y2IE
0.65,38,2NRTVZ0L2T
0.52,34,Y90W2K2C6K
0.92,73,UHSVBW04AJ
0.07,48,CNLROHPF4I
0.71,35,G8D8I82BFT
0.95,14,JKFDN47Z7R
0.78,42,BM4HC0WXG5
0.66,75,R5DI1UF4Z5
0.05,17,2E9HNXXEIL
0.55,67,DR4Z3JD4YP
0.79,20,3N53DUOB2D
0.64,92,RSVOXYD1R9
0.05,73,PN99RETATS
0.95,97,28RAIEVINV
0.32,25,M5I2R6L4D9
0.37,39,WEHOKNVQYK
0.44,62,E03WJKU015
